2026-05-04 05:18:55 [http-nio-8080-exec-1] INFO  c.g.s.config.LoggingAOP - Entering Controller ComplaintController.createComplaint(..) 
2026-05-04 05:18:55 [http-nio-8080-exec-1] INFO  c.g.s.config.LoggingAOP - [CONTROLLER] --> ComplaintController.createComplaint() | args: [com.gotrack.support_and_notifications_service.complaint.dto.request.CreateComplaint@167fed65]
2026-05-04 05:18:55 [http-nio-8080-exec-1] INFO  c.g.s.config.LoggingAOP - Within service method
2026-05-04 05:18:55 [http-nio-8080-exec-1] INFO  c.g.s.config.LoggingAOP - [SERVICE] --> ComplaintService.createComplaint() | args: [com.gotrack.support_and_notifications_service.complaint.dto.request.CreateComplaint@167fed65]
2026-05-04 05:18:55 [http-nio-8080-exec-1] INFO  c.g.s.config.LoggingAOP - Within service method
2026-05-04 05:18:55 [http-nio-8080-exec-1] INFO  c.g.s.config.LoggingAOP - [SERVICE] --> CurrentUserService.getCurrentUserId() | args: []
2026-05-04 05:18:55 [http-nio-8080-exec-1] INFO  c.g.s.config.LoggingAOP - [SERVICE] <-- CurrentUserService.getCurrentUserId() | time: 0 ms | return: 69ec1625c3afc45cdb6bef9b
2026-05-04 05:18:55 [http-nio-8080-exec-1] INFO  c.g.s.config.LoggingAOP - Within service method
2026-05-04 05:18:55 [http-nio-8080-exec-1] INFO  c.g.s.config.LoggingAOP - [SERVICE] --> CurrentUserService.getUserEmail() | args: []
2026-05-04 05:18:55 [http-nio-8080-exec-1] INFO  c.g.s.config.LoggingAOP - [SERVICE] <-- CurrentUserService.getUserEmail() | time: 0 ms | return: momoehab@gmail.com
2026-05-04 05:18:55 [http-nio-8080-exec-1] INFO  c.g.s.config.LoggingAOP - Within service method
2026-05-04 05:18:55 [http-nio-8080-exec-1] INFO  c.g.s.config.LoggingAOP - [SERVICE] --> CheckShipment.checkShipmentExists() | args: [1]
2026-05-04 05:18:55 [http-nio-8080-exec-1] INFO  c.g.s.config.LoggingAOP - Entering Component ShipmentRepo.existsById(..) 
2026-05-04 05:18:55 [http-nio-8080-exec-1] INFO  c.g.s.config.LoggingAOP - [COMPONENT] --> ShipmentRepo.existsById() | args: [1]
2026-05-04 05:18:55 [http-nio-8080-exec-1] INFO  c.g.s.config.LoggingAOP - Exiting component ShipmentRepo.existsById(..) 
2026-05-04 05:18:55 [http-nio-8080-exec-1] INFO  c.g.s.config.LoggingAOP - [COMPONENT] <-- ShipmentRepo.existsById() | return: true
2026-05-04 05:18:55 [http-nio-8080-exec-1] INFO  c.g.s.config.LoggingAOP - [SERVICE] <-- CheckShipment.checkShipmentExists() | time: 11 ms | return: null
2026-05-04 05:18:56 [http-nio-8080-exec-1] INFO  c.g.s.config.LoggingAOP - Entering Component WEventPublisher.publish(..) 
2026-05-04 05:18:56 [http-nio-8080-exec-1] INFO  c.g.s.config.LoggingAOP - [COMPONENT] --> WEventPublisher.publish() | args: [com.gotrack.support_and_notifications_service.notification.event.ComplaintSubmit@7aad5504]
2026-05-04 05:18:56 [event-thread-1] INFO  c.g.s.config.LoggingAOP - Entering Component ComplaintListener.handleComplaintSubmitEvent(..) 
2026-05-04 05:18:56 [http-nio-8080-exec-1] INFO  c.g.s.config.LoggingAOP - Exiting component WEventPublisher.publish(..) 
2026-05-04 05:18:56 [event-thread-1] INFO  c.g.s.config.LoggingAOP - [COMPONENT] --> ComplaintListener.handleComplaintSubmitEvent() | args: [com.gotrack.support_and_notifications_service.notification.event.ComplaintSubmit@7aad5504]
2026-05-04 05:18:56 [http-nio-8080-exec-1] INFO  c.g.s.config.LoggingAOP - [COMPONENT] <-- WEventPublisher.publish() | return: null
2026-05-04 05:18:56 [http-nio-8080-exec-1] INFO  c.g.s.config.LoggingAOP - Entering Component ComplaintMapperImpl.toCreatedResponse(..) 
2026-05-04 05:18:56 [http-nio-8080-exec-1] INFO  c.g.s.config.LoggingAOP - [COMPONENT] --> ComplaintMapperImpl.toCreatedResponse() | args: [com.gotrack.support_and_notifications_service.complaint.entity.Complaint@51597d00]
2026-05-04 05:18:56 [event-thread-1] INFO  c.g.s.config.LoggingAOP - Entering Listener ComplaintListener.handleComplaintSubmitEvent(..) 
2026-05-04 05:18:56 [event-thread-1] INFO  c.g.s.config.LoggingAOP - [LISTENER] --> ComplaintListener.handleComplaintSubmitEvent() | event: [com.gotrack.support_and_notifications_service.notification.event.ComplaintSubmit@7aad5504]
2026-05-04 05:18:56 [http-nio-8080-exec-1] INFO  c.g.s.config.LoggingAOP - Exiting component ComplaintMapperImpl.toCreatedResponse(..) 
2026-05-04 05:18:56 [event-thread-1] INFO  c.g.s.config.LoggingAOP - Within service method
2026-05-04 05:18:56 [http-nio-8080-exec-1] INFO  c.g.s.config.LoggingAOP - [COMPONENT] <-- ComplaintMapperImpl.toCreatedResponse() | return: com.gotrack.support_and_notifications_service.complaint.dto.response.ComplaintCreated@6a1e78ef
2026-05-04 05:18:56 [event-thread-1] INFO  c.g.s.config.LoggingAOP - [SERVICE] --> NotificationService.createNotification() | args: [69ec1625c3afc45cdb6bef9b, New complaint submitted: Full flow test complaint for shipment 1, IN_APP, momoehab@gmail.com]
2026-05-04 05:18:56 [http-nio-8080-exec-1] INFO  c.g.s.config.LoggingAOP - [SERVICE] <-- ComplaintService.createComplaint() | time: 670 ms | return: com.gotrack.support_and_notifications_service.complaint.dto.response.ComplaintCreated@6a1e78ef
2026-05-04 05:18:56 [event-thread-1] INFO  c.g.s.config.LoggingAOP - Entering Component NotificationMapperImpl.toNotificationMessage(..) 
2026-05-04 05:18:56 [http-nio-8080-exec-1] INFO  c.g.s.config.LoggingAOP - Exiting controller ComplaintController.createComplaint(..) 
2026-05-04 05:18:56 [event-thread-1] INFO  c.g.s.config.LoggingAOP - [COMPONENT] --> NotificationMapperImpl.toNotificationMessage() | args: [69ec1625c3afc45cdb6bef9b, New complaint submitted: Full flow test complaint for shipment 1, IN_APP]
2026-05-04 05:18:56 [event-thread-1] INFO  c.g.s.config.LoggingAOP - Exiting component NotificationMapperImpl.toNotificationMessage(..) 
2026-05-04 05:18:56 [event-thread-1] INFO  c.g.s.config.LoggingAOP - [COMPONENT] <-- NotificationMapperImpl.toNotificationMessage() | return: com.gotrack.support_and_notifications_service.notification.entity.Notifications@1fced5a7
2026-05-04 05:18:56 [http-nio-8080-exec-1] INFO  c.g.s.config.LoggingAOP - [CONTROLLER] <-- ComplaintController.createComplaint() | return: <201 CREATED Created,com.gotrack.support_and_notifications_service.complaint.dto.response.ComplaintCreated@6a1e78ef,[]>
2026-05-04 05:18:56 [event-thread-1] INFO  c.g.s.config.LoggingAOP - Entering Component WEventPublisher.publish(..) 
2026-05-04 05:18:56 [event-thread-1] INFO  c.g.s.config.LoggingAOP - [COMPONENT] --> WEventPublisher.publish() | args: [com.gotrack.support_and_notifications_service.notification.event.NotificationCreated@2aa5a139]
2026-05-04 05:18:56 [event-thread-1] INFO  c.g.s.config.LoggingAOP - Exiting component WEventPublisher.publish(..) 
2026-05-04 05:18:56 [event-thread-2] INFO  c.g.s.config.LoggingAOP - Entering Component NotificationListener.handleNotificationCreatedEvent(..) 
2026-05-04 05:18:56 [event-thread-1] INFO  c.g.s.config.LoggingAOP - [COMPONENT] <-- WEventPublisher.publish() | return: null
2026-05-04 05:18:56 [event-thread-2] INFO  c.g.s.config.LoggingAOP - [COMPONENT] --> NotificationListener.handleNotificationCreatedEvent() | args: [com.gotrack.support_and_notifications_service.notification.event.NotificationCreated@2aa5a139]
2026-05-04 05:18:56 [event-thread-1] INFO  c.g.s.config.LoggingAOP - [SERVICE] <-- NotificationService.createNotification() | time: 101 ms | return: com.gotrack.support_and_notifications_service.notification.entity.Notifications@1fced5a7
2026-05-04 05:18:56 [event-thread-2] INFO  c.g.s.config.LoggingAOP - Entering Listener NotificationListener.handleNotificationCreatedEvent(..) 
2026-05-04 05:18:56 [event-thread-2] INFO  c.g.s.config.LoggingAOP - [LISTENER] --> NotificationListener.handleNotificationCreatedEvent() | event: [com.gotrack.support_and_notifications_service.notification.event.NotificationCreated@2aa5a139]
2026-05-04 05:18:56 [event-thread-1] INFO  c.g.s.config.LoggingAOP - Exiting Listener ComplaintListener.handleComplaintSubmitEvent(..) 
2026-05-04 05:18:56 [event-thread-2] INFO  c.g.s.n.l.NotificationListener - Sending IN_APP to profile 69ec1625c3afc45cdb6bef9b: New complaint submitted: Full flow test complaint for shipment 1
2026-05-04 05:18:56 [event-thread-1] INFO  c.g.s.config.LoggingAOP - [LISTENER] <-- ComplaintListener.handleComplaintSubmitEvent()
2026-05-04 05:18:56 [event-thread-1] INFO  c.g.s.config.LoggingAOP - Exiting component ComplaintListener.handleComplaintSubmitEvent(..) 
2026-05-04 05:18:56 [event-thread-2] INFO  c.g.s.config.LoggingAOP - Exiting Listener NotificationListener.handleNotificationCreatedEvent(..) 
2026-05-04 05:18:56 [event-thread-1] INFO  c.g.s.config.LoggingAOP - [COMPONENT] <-- ComplaintListener.handleComplaintSubmitEvent() | return: null
2026-05-04 05:18:56 [event-thread-2] INFO  c.g.s.config.LoggingAOP - [LISTENER] <-- NotificationListener.handleNotificationCreatedEvent()
2026-05-04 05:18:56 [event-thread-2] INFO  c.g.s.config.LoggingAOP - Exiting component NotificationListener.handleNotificationCreatedEvent(..) 
2026-05-04 05:18:56 [event-thread-2] INFO  c.g.s.config.LoggingAOP - [COMPONENT] <-- NotificationListener.handleNotificationCreatedEvent() | return: null
2026-05-04 05:27:28 [File Watcher] INFO  o.s.b.d.a.LocalDevToolsAutoConfiguration$RestartingClassPathChangeChangedEventListener - Restarting due to 1 class path change (0 additions, 0 deletions, 1 modification)
2026-05-04 05:27:28 [Thread-1] INFO  o.s.boot.tomcat.GracefulShutdown - Commencing graceful shutdown. Waiting for active requests to complete
2026-05-04 05:27:28 [tomcat-shutdown] INFO  o.a.coyote.http11.Http11NioProtocol - Pausing ProtocolHandler ["http-nio-8080"]
2026-05-04 05:27:28 [tomcat-shutdown] INFO  o.s.boot.tomcat.GracefulShutdown - Graceful shutdown complete
2026-05-04 05:27:28 [Thread-1] INFO  o.a.coyote.http11.Http11NioProtocol - Stopping ProtocolHandler ["http-nio-8080"]
2026-05-04 05:27:28 [restartedMain] INFO  c.g.s.SupportAndNotificationsServiceApplication - Starting SupportAndNotificationsServiceApplication using Java 26.0.1 with PID 18796 (C:\Users\Life\Documents\GitHub\GoTrack-Logistic-System\support_and_notifications_service\target\classes started by momo in C:\Users\Life\Documents\GitHub\GoTrack-Logistic-System)
2026-05-04 05:27:28 [restartedMain] INFO  c.g.s.SupportAndNotificationsServiceApplication - No active profile set, falling back to 1 default profile: "default"
2026-05-04 05:27:29 [restartedMain] INFO  o.s.d.r.c.RepositoryConfigurationDelegate - Bootstrapping Spring Data MongoDB repositories in DEFAULT mode.
2026-05-04 05:27:29 [restartedMain] INFO  o.s.d.r.c.RepositoryConfigurationDelegate - Finished Spring Data repository scanning in 41 ms. Found 2 MongoDB repository interfaces.
2026-05-04 05:27:29 [restartedMain] INFO  o.s.cloud.context.scope.GenericScope - BeanFactory id=2beb54d8-60ff-377b-8d6a-725ba42627d8
2026-05-04 05:27:30 [restartedMain] INFO  o.s.boot.tomcat.TomcatWebServer - Tomcat initialized with port 8080 (http)
2026-05-04 05:27:30 [restartedMain] INFO  o.a.coyote.http11.Http11NioProtocol - Initializing ProtocolHandler ["http-nio-8080"]
2026-05-04 05:27:30 [restartedMain] INFO  o.a.catalina.core.StandardService - Starting service [Tomcat]
2026-05-04 05:27:30 [restartedMain] INFO  o.a.catalina.core.StandardEngine - Starting Servlet engine: [Apache Tomcat/11.0.20]
2026-05-04 05:27:30 [restartedMain] INFO  o.s.b.w.c.s.WebApplicationContextInitializer - Root WebApplicationContext: initialization completed in 1309 ms
2026-05-04 05:27:30 [restartedMain] DEBUG c.g.s.security.JwtAuthFilter - Filter 'jwtAuthFilter' configured for use
2026-05-04 05:27:30 [restartedMain] INFO  org.mongodb.driver.client - MongoClient with metadata {"driver": {"name": "mongo-java-driver|spring-boot|sync", "version": "5.6.4"}, "os": {"type": "Windows", "name": "Windows 11", "architecture": "amd64", "version": "10.0"}, "platform": "Java/Oracle Corporation/26.0.1+8-34"} created with settings MongoClientSettings{readPreference=primary, writeConcern=WriteConcern{w=null, wTimeout=null ms, journal=null}, retryWrites=true, retryReads=true, readConcern=ReadConcern{level=null}, credential=MongoCredential{mechanism=null, userName='goTrackNotificationUsername', source='admin', password=<hidden>, mechanismProperties=<hidden>}, transportSettings=null, commandListeners=[io.micrometer.core.instrument.binder.mongodb.MongoMetricsCommandListener@53312305], codecRegistry=ProvidersCodecRegistry{codecProviders=[ValueCodecProvider{}, BsonValueCodecProvider{}, DBRefCodecProvider{}, DBObjectCodecProvider{}, DocumentCodecProvider{}, CollectionCodecProvider{}, IterableCodecProvider{}, MapCodecProvider{}, GeoJsonCodecProvider{}, GridFSFileCodecProvider{}, Jsr310CodecProvider{}, JsonObjectCodecProvider{}, BsonCodecProvider{}, com.mongodb.client.model.mql.ExpressionCodecProvider@50cfa0c1, com.mongodb.Jep395RecordCodecProvider@709ed527, com.mongodb.KotlinCodecProvider@40aae2c6, EnumCodecProvider{}]}, loggerSettings=LoggerSettings{maxDocumentLength=1000}, clusterSettings={hosts=[127.0.0.1:27017], srvHost=gotrack.pefntiy.mongodb.net, srvServiceName=mongodb, mode=MULTIPLE, requiredClusterType=REPLICA_SET, requiredReplicaSetName='atlas-1ra5ek-shard-0', serverSelector='null', clusterListeners='[]', serverSelectionTimeout='30000 ms', localThreshold='15 ms'}, socketSettings=SocketSettings{connectTimeoutMS=10000, readTimeoutMS=0, receiveBufferSize=0, proxySettings=ProxySettings{host=null, port=null, username=null, password=null}}, heartbeatSocketSettings=SocketSettings{connectTimeoutMS=10000, readTimeoutMS=10000, receiveBufferSize=0, proxySettings=ProxySettings{host=null, port=null, username=null, password=null}}, connectionPoolSettings=ConnectionPoolSettings{maxSize=100, minSize=0, maxWaitTimeMS=120000, maxConnectionLifeTimeMS=0, maxConnectionIdleTimeMS=0, maintenanceInitialDelayMS=0, maintenanceFrequencyMS=60000, connectionPoolListeners=[io.micrometer.core.instrument.binder.mongodb.MongoMetricsConnectionPoolListener@4edf2870], maxConnecting=2}, serverSettings=ServerSettings{heartbeatFrequencyMS=10000, minHeartbeatFrequencyMS=500, serverMonitoringMode=AUTO, serverListeners='[]', serverMonitorListeners='[]'}, sslSettings=SslSettings{enabled=true, invalidHostNameAllowed=false, context=null}, applicationName='null', compressorList=[], uuidRepresentation=UNSPECIFIED, serverApi=null, autoEncryptionSettings=null, dnsClient=null, inetAddressResolver=null, contextProvider=null, timeoutMS=null}
2026-05-04 05:27:30 [cluster-ClusterId{value='69f804121c6fafa1c654a510', description='null'}-srv-gotrack.pefntiy.mongodb.net] INFO  org.mongodb.driver.cluster - Adding discovered server ac-ysg9ngg-shard-00-01.pefntiy.mongodb.net:27017 to client view of cluster
2026-05-04 05:27:30 [cluster-ClusterId{value='69f804121c6fafa1c654a510', description='null'}-srv-gotrack.pefntiy.mongodb.net] INFO  org.mongodb.driver.cluster - Adding discovered server ac-ysg9ngg-shard-00-02.pefntiy.mongodb.net:27017 to client view of cluster
2026-05-04 05:27:30 [cluster-ClusterId{value='69f804121c6fafa1c654a510', description='null'}-srv-gotrack.pefntiy.mongodb.net] INFO  org.mongodb.driver.cluster - Adding discovered server ac-ysg9ngg-shard-00-00.pefntiy.mongodb.net:27017 to client view of cluster
2026-05-04 05:27:30 [cluster-ClusterId{value='69f804121c6fafa1c654a510', description='null'}-ac-ysg9ngg-shard-00-02.pefntiy.mongodb.net:27017] INFO  org.mongodb.driver.cluster - Monitor thread successfully connected to server with description ServerDescription{address=ac-ysg9ngg-shard-00-02.pefntiy.mongodb.net:27017, type=REPLICA_SET_SECONDARY, cryptd=false, state=CONNECTED, ok=true, minWireVersion=0, maxWireVersion=25, maxDocumentSize=16777216, logicalSessionTimeoutMinutes=30, roundTripTimeNanos=115316900, minRoundTripTimeNanos=0, setName='atlas-1ra5ek-shard-0', canonicalAddress=ac-ysg9ngg-shard-00-02.pefntiy.mongodb.net:27017, hosts=[ac-ysg9ngg-shard-00-01.pefntiy.mongodb.net:27017, ac-ysg9ngg-shard-00-02.pefntiy.mongodb.net:27017, ac-ysg9ngg-shard-00-00.pefntiy.mongodb.net:27017], passives=[], arbiters=[], primary='ac-ysg9ngg-shard-00-01.pefntiy.mongodb.net:27017', tagSet=TagSet{[Tag{name='availabilityZone', value='euw3-az3'}, Tag{name='cacheState', value='READY'}, Tag{name='diskState', value='READY'}, Tag{name='nodeType', value='ELECTABLE'}, Tag{name='provider', value='AWS'}, Tag{name='region', value='EU_WEST_3'}, Tag{name='workloadType', value='OPERATIONAL'}]}, electionId=null, setVersion=16, topologyVersion=TopologyVersion{processId=69f4d5b8f184e543bb0aa42b, counter=3}, lastWriteDate=Mon May 04 05:27:30 EEST 2026, lastUpdateTimeNanos=193588314522400}
2026-05-04 05:27:30 [cluster-ClusterId{value='69f804121c6fafa1c654a510', description='null'}-ac-ysg9ngg-shard-00-00.pefntiy.mongodb.net:27017] INFO  org.mongodb.driver.cluster - Monitor thread successfully connected to server with description ServerDescription{address=ac-ysg9ngg-shard-00-00.pefntiy.mongodb.net:27017, type=REPLICA_SET_SECONDARY, cryptd=false, state=CONNECTED, ok=true, minWireVersion=0, maxWireVersion=25, maxDocumentSize=16777216, logicalSessionTimeoutMinutes=30, roundTripTimeNanos=116921800, minRoundTripTimeNanos=0, setName='atlas-1ra5ek-shard-0', canonicalAddress=ac-ysg9ngg-shard-00-00.pefntiy.mongodb.net:27017, hosts=[ac-ysg9ngg-shard-00-01.pefntiy.mongodb.net:27017, ac-ysg9ngg-shard-00-02.pefntiy.mongodb.net:27017, ac-ysg9ngg-shard-00-00.pefntiy.mongodb.net:27017], passives=[], arbiters=[], primary='ac-ysg9ngg-shard-00-01.pefntiy.mongodb.net:27017', tagSet=TagSet{[Tag{name='availabilityZone', value='euw3-az1'}, Tag{name='cacheState', value='READY'}, Tag{name='diskState', value='READY'}, Tag{name='nodeType', value='ELECTABLE'}, Tag{name='provider', value='AWS'}, Tag{name='region', value='EU_WEST_3'}, Tag{name='workloadType', value='OPERATIONAL'}]}, electionId=null, setVersion=16, topologyVersion=TopologyVersion{processId=69f4d0ce73eb50d1b0910bfe, counter=4}, lastWriteDate=Mon May 04 05:27:30 EEST 2026, lastUpdateTimeNanos=193588327724900}
2026-05-04 05:27:30 [cluster-ClusterId{value='69f804121c6fafa1c654a510', description='null'}-ac-ysg9ngg-shard-00-01.pefntiy.mongodb.net:27017] INFO  org.mongodb.driver.cluster - Monitor thread successfully connected to server with description ServerDescription{address=ac-ysg9ngg-shard-00-01.pefntiy.mongodb.net:27017, type=REPLICA_SET_PRIMARY, cryptd=false, state=CONNECTED, ok=true, minWireVersion=0, maxWireVersion=25, maxDocumentSize=16777216, logicalSessionTimeoutMinutes=30, roundTripTimeNanos=165611400, minRoundTripTimeNanos=0, setName='atlas-1ra5ek-shard-0', canonicalAddress=ac-ysg9ngg-shard-00-01.pefntiy.mongodb.net:27017, hosts=[ac-ysg9ngg-shard-00-01.pefntiy.mongodb.net:27017, ac-ysg9ngg-shard-00-02.pefntiy.mongodb.net:27017, ac-ysg9ngg-shard-00-00.pefntiy.mongodb.net:27017], passives=[], arbiters=[], primary='ac-ysg9ngg-shard-00-01.pefntiy.mongodb.net:27017', tagSet=TagSet{[Tag{name='availabilityZone', value='euw3-az2'}, Tag{name='cacheState', value='READY'}, Tag{name='diskState', value='READY'}, Tag{name='nodeType', value='ELECTABLE'}, Tag{name='provider', value='AWS'}, Tag{name='region', value='EU_WEST_3'}, Tag{name='workloadType', value='OPERATIONAL'}]}, electionId=7fffffff0000000000000072, setVersion=16, topologyVersion=TopologyVersion{processId=69f4d34195ea0cacf1b5731e, counter=6}, lastWriteDate=Mon May 04 05:27:30 EEST 2026, lastUpdateTimeNanos=193588363600300}
2026-05-04 05:27:30 [cluster-ClusterId{value='69f804121c6fafa1c654a510', description='null'}-ac-ysg9ngg-shard-00-01.pefntiy.mongodb.net:27017] INFO  org.mongodb.driver.cluster - Discovered replica set primary ac-ysg9ngg-shard-00-01.pefntiy.mongodb.net:27017 with max election id 7fffffff0000000000000072 and max set version 16
2026-05-04 05:27:30 [restartedMain] WARN  o.s.b.s.a.UserDetailsServiceAutoConfiguration - 

Using generated security password: 498072b4-3a50-4895-bd1e-3c0d48ca2d17

This generated password is for development use only. Your security configuration must be updated before running your application in production.

2026-05-04 05:27:30 [restartedMain] INFO  o.s.s.c.a.a.c.InitializeUserDetailsBeanManagerConfigurer$InitializeUserDetailsManagerConfigurer - Global AuthenticationManager configured with UserDetailsService bean with name inMemoryUserDetailsManager
2026-05-04 05:27:31 [restartedMain] INFO  o.s.c.n.e.c.DiscoveryClientOptionalArgsConfiguration - Eureka HTTP Client uses RestClient.
2026-05-04 05:27:31 [restartedMain] WARN  o.s.c.l.c.LoadBalancerCacheAutoConfiguration$LoadBalancerCaffeineWarnLogger - Spring Cloud LoadBalancer is currently working with the default cache. While this cache implementation is useful for development and tests, it's recommended to use Caffeine cache in production.You can switch to using Caffeine cache, by adding it and org.springframework.cache.caffeine.CaffeineCacheManager to the classpath.
2026-05-04 05:27:31 [restartedMain] INFO  o.s.b.a.e.web.EndpointLinksResolver - Exposing 1 endpoint beneath base path '/actuator'
2026-05-04 05:27:31 [restartedMain] INFO  o.a.coyote.http11.Http11NioProtocol - Starting ProtocolHandler ["http-nio-8080"]
2026-05-04 05:27:31 [restartedMain] INFO  o.s.boot.tomcat.TomcatWebServer - Tomcat started on port 8080 (http) with context path '/'
2026-05-04 05:27:31 [restartedMain] INFO  c.g.s.SupportAndNotificationsServiceApplication - Started SupportAndNotificationsServiceApplication in 2.81 seconds (process running for 553.33)
2026-05-04 05:27:31 [restartedMain] INFO  o.s.b.d.a.ConditionEvaluationDeltaLoggingListener - Condition evaluation unchanged
2026-05-04 05:28:31 [File Watcher] INFO  o.s.b.d.a.LocalDevToolsAutoConfiguration$RestartingClassPathChangeChangedEventListener - Restarting due to 1 class path change (0 additions, 0 deletions, 1 modification)
2026-05-04 05:28:31 [Thread-7] INFO  o.s.boot.tomcat.GracefulShutdown - Commencing graceful shutdown. Waiting for active requests to complete
2026-05-04 05:28:31 [tomcat-shutdown] INFO  o.a.coyote.http11.Http11NioProtocol - Pausing ProtocolHandler ["http-nio-8080"]
2026-05-04 05:28:31 [tomcat-shutdown] INFO  o.s.boot.tomcat.GracefulShutdown - Graceful shutdown complete
2026-05-04 05:28:31 [Thread-7] INFO  o.a.coyote.http11.Http11NioProtocol - Stopping ProtocolHandler ["http-nio-8080"]
2026-05-04 05:28:32 [restartedMain] INFO  c.g.s.SupportAndNotificationsServiceApplication - Starting SupportAndNotificationsServiceApplication using Java 26.0.1 with PID 18796 (C:\Users\Life\Documents\GitHub\GoTrack-Logistic-System\support_and_notifications_service\target\classes started by momo in C:\Users\Life\Documents\GitHub\GoTrack-Logistic-System)
2026-05-04 05:28:32 [restartedMain] INFO  c.g.s.SupportAndNotificationsServiceApplication - No active profile set, falling back to 1 default profile: "default"
2026-05-04 05:28:32 [restartedMain] INFO  o.s.d.r.c.RepositoryConfigurationDelegate - Bootstrapping Spring Data MongoDB repositories in DEFAULT mode.
2026-05-04 05:28:32 [restartedMain] INFO  o.s.d.r.c.RepositoryConfigurationDelegate - Finished Spring Data repository scanning in 37 ms. Found 2 MongoDB repository interfaces.
2026-05-04 05:28:33 [restartedMain] INFO  o.s.cloud.context.scope.GenericScope - BeanFactory id=2beb54d8-60ff-377b-8d6a-725ba42627d8
2026-05-04 05:28:33 [restartedMain] INFO  o.s.boot.tomcat.TomcatWebServer - Tomcat initialized with port 8080 (http)
2026-05-04 05:28:33 [restartedMain] INFO  o.a.coyote.http11.Http11NioProtocol - Initializing ProtocolHandler ["http-nio-8080"]
2026-05-04 05:28:33 [restartedMain] INFO  o.a.catalina.core.StandardService - Starting service [Tomcat]
2026-05-04 05:28:33 [restartedMain] INFO  o.a.catalina.core.StandardEngine - Starting Servlet engine: [Apache Tomcat/11.0.20]
2026-05-04 05:28:33 [restartedMain] INFO  o.s.b.w.c.s.WebApplicationContextInitializer - Root WebApplicationContext: initialization completed in 1128 ms
2026-05-04 05:28:33 [restartedMain] DEBUG c.g.s.security.JwtAuthFilter - Filter 'jwtAuthFilter' configured for use
2026-05-04 05:28:33 [restartedMain] INFO  org.mongodb.driver.client - MongoClient with metadata {"driver": {"name": "mongo-java-driver|spring-boot|sync", "version": "5.6.4"}, "os": {"type": "Windows", "name": "Windows 11", "architecture": "amd64", "version": "10.0"}, "platform": "Java/Oracle Corporation/26.0.1+8-34"} created with settings MongoClientSettings{readPreference=primary, writeConcern=WriteConcern{w=null, wTimeout=null ms, journal=null}, retryWrites=true, retryReads=true, readConcern=ReadConcern{level=null}, credential=MongoCredential{mechanism=null, userName='goTrackNotificationUsername', source='admin', password=<hidden>, mechanismProperties=<hidden>}, transportSettings=null, commandListeners=[io.micrometer.core.instrument.binder.mongodb.MongoMetricsCommandListener@4cd4905], codecRegistry=ProvidersCodecRegistry{codecProviders=[ValueCodecProvider{}, BsonValueCodecProvider{}, DBRefCodecProvider{}, DBObjectCodecProvider{}, DocumentCodecProvider{}, CollectionCodecProvider{}, IterableCodecProvider{}, MapCodecProvider{}, GeoJsonCodecProvider{}, GridFSFileCodecProvider{}, Jsr310CodecProvider{}, JsonObjectCodecProvider{}, BsonCodecProvider{}, com.mongodb.client.model.mql.ExpressionCodecProvider@50cfa0c1, com.mongodb.Jep395RecordCodecProvider@709ed527, com.mongodb.KotlinCodecProvider@40aae2c6, EnumCodecProvider{}]}, loggerSettings=LoggerSettings{maxDocumentLength=1000}, clusterSettings={hosts=[127.0.0.1:27017], srvHost=gotrack.pefntiy.mongodb.net, srvServiceName=mongodb, mode=MULTIPLE, requiredClusterType=REPLICA_SET, requiredReplicaSetName='atlas-1ra5ek-shard-0', serverSelector='null', clusterListeners='[]', serverSelectionTimeout='30000 ms', localThreshold='15 ms'}, socketSettings=SocketSettings{connectTimeoutMS=10000, readTimeoutMS=0, receiveBufferSize=0, proxySettings=ProxySettings{host=null, port=null, username=null, password=null}}, heartbeatSocketSettings=SocketSettings{connectTimeoutMS=10000, readTimeoutMS=10000, receiveBufferSize=0, proxySettings=ProxySettings{host=null, port=null, username=null, password=null}}, connectionPoolSettings=ConnectionPoolSettings{maxSize=100, minSize=0, maxWaitTimeMS=120000, maxConnectionLifeTimeMS=0, maxConnectionIdleTimeMS=0, maintenanceInitialDelayMS=0, maintenanceFrequencyMS=60000, connectionPoolListeners=[io.micrometer.core.instrument.binder.mongodb.MongoMetricsConnectionPoolListener@f6452f8], maxConnecting=2}, serverSettings=ServerSettings{heartbeatFrequencyMS=10000, minHeartbeatFrequencyMS=500, serverMonitoringMode=AUTO, serverListeners='[]', serverMonitorListeners='[]'}, sslSettings=SslSettings{enabled=true, invalidHostNameAllowed=false, context=null}, applicationName='null', compressorList=[], uuidRepresentation=UNSPECIFIED, serverApi=null, autoEncryptionSettings=null, dnsClient=null, inetAddressResolver=null, contextProvider=null, timeoutMS=null}
2026-05-04 05:28:33 [cluster-ClusterId{value='69f804511c6fafa1c654a511', description='null'}-srv-gotrack.pefntiy.mongodb.net] INFO  org.mongodb.driver.cluster - Adding discovered server ac-ysg9ngg-shard-00-01.pefntiy.mongodb.net:27017 to client view of cluster
2026-05-04 05:28:33 [cluster-ClusterId{value='69f804511c6fafa1c654a511', description='null'}-srv-gotrack.pefntiy.mongodb.net] INFO  org.mongodb.driver.cluster - Adding discovered server ac-ysg9ngg-shard-00-02.pefntiy.mongodb.net:27017 to client view of cluster
2026-05-04 05:28:33 [cluster-ClusterId{value='69f804511c6fafa1c654a511', description='null'}-srv-gotrack.pefntiy.mongodb.net] INFO  org.mongodb.driver.cluster - Adding discovered server ac-ysg9ngg-shard-00-00.pefntiy.mongodb.net:27017 to client view of cluster
2026-05-04 05:28:33 [cluster-ClusterId{value='69f804511c6fafa1c654a511', description='null'}-ac-ysg9ngg-shard-00-02.pefntiy.mongodb.net:27017] INFO  org.mongodb.driver.cluster - Monitor thread successfully connected to server with description ServerDescription{address=ac-ysg9ngg-shard-00-02.pefntiy.mongodb.net:27017, type=REPLICA_SET_SECONDARY, cryptd=false, state=CONNECTED, ok=true, minWireVersion=0, maxWireVersion=25, maxDocumentSize=16777216, logicalSessionTimeoutMinutes=30, roundTripTimeNanos=115841800, minRoundTripTimeNanos=0, setName='atlas-1ra5ek-shard-0', canonicalAddress=ac-ysg9ngg-shard-00-02.pefntiy.mongodb.net:27017, hosts=[ac-ysg9ngg-shard-00-01.pefntiy.mongodb.net:27017, ac-ysg9ngg-shard-00-02.pefntiy.mongodb.net:27017, ac-ysg9ngg-shard-00-00.pefntiy.mongodb.net:27017], passives=[], arbiters=[], primary='ac-ysg9ngg-shard-00-01.pefntiy.mongodb.net:27017', tagSet=TagSet{[Tag{name='availabilityZone', value='euw3-az3'}, Tag{name='cacheState', value='READY'}, Tag{name='diskState', value='READY'}, Tag{name='nodeType', value='ELECTABLE'}, Tag{name='provider', value='AWS'}, Tag{name='region', value='EU_WEST_3'}, Tag{name='workloadType', value='OPERATIONAL'}]}, electionId=null, setVersion=16, topologyVersion=TopologyVersion{processId=69f4d5b8f184e543bb0aa42b, counter=3}, lastWriteDate=Mon May 04 05:28:33 EEST 2026, lastUpdateTimeNanos=193651450609000}
2026-05-04 05:28:33 [cluster-ClusterId{value='69f804511c6fafa1c654a511', description='null'}-ac-ysg9ngg-shard-00-00.pefntiy.mongodb.net:27017] INFO  org.mongodb.driver.cluster - Monitor thread successfully connected to server with description ServerDescription{address=ac-ysg9ngg-shard-00-00.pefntiy.mongodb.net:27017, type=REPLICA_SET_SECONDARY, cryptd=false, state=CONNECTED, ok=true, minWireVersion=0, maxWireVersion=25, maxDocumentSize=16777216, logicalSessionTimeoutMinutes=30, roundTripTimeNanos=115843300, minRoundTripTimeNanos=0, setName='atlas-1ra5ek-shard-0', canonicalAddress=ac-ysg9ngg-shard-00-00.pefntiy.mongodb.net:27017, hosts=[ac-ysg9ngg-shard-00-01.pefntiy.mongodb.net:27017, ac-ysg9ngg-shard-00-02.pefntiy.mongodb.net:27017, ac-ysg9ngg-shard-00-00.pefntiy.mongodb.net:27017], passives=[], arbiters=[], primary='ac-ysg9ngg-shard-00-01.pefntiy.mongodb.net:27017', tagSet=TagSet{[Tag{name='availabilityZone', value='euw3-az1'}, Tag{name='cacheState', value='READY'}, Tag{name='diskState', value='READY'}, Tag{name='nodeType', value='ELECTABLE'}, Tag{name='provider', value='AWS'}, Tag{name='region', value='EU_WEST_3'}, Tag{name='workloadType', value='OPERATIONAL'}]}, electionId=null, setVersion=16, topologyVersion=TopologyVersion{processId=69f4d0ce73eb50d1b0910bfe, counter=4}, lastWriteDate=Mon May 04 05:28:33 EEST 2026, lastUpdateTimeNanos=193651450609000}
2026-05-04 05:28:33 [cluster-ClusterId{value='69f804511c6fafa1c654a511', description='null'}-ac-ysg9ngg-shard-00-01.pefntiy.mongodb.net:27017] INFO  org.mongodb.driver.cluster - Monitor thread successfully connected to server with description ServerDescription{address=ac-ysg9ngg-shard-00-01.pefntiy.mongodb.net:27017, type=REPLICA_SET_PRIMARY, cryptd=false, state=CONNECTED, ok=true, minWireVersion=0, maxWireVersion=25, maxDocumentSize=16777216, logicalSessionTimeoutMinutes=30, roundTripTimeNanos=116765000, minRoundTripTimeNanos=0, setName='atlas-1ra5ek-shard-0', canonicalAddress=ac-ysg9ngg-shard-00-01.pefntiy.mongodb.net:27017, hosts=[ac-ysg9ngg-shard-00-01.pefntiy.mongodb.net:27017, ac-ysg9ngg-shard-00-02.pefntiy.mongodb.net:27017, ac-ysg9ngg-shard-00-00.pefntiy.mongodb.net:27017], passives=[], arbiters=[], primary='ac-ysg9ngg-shard-00-01.pefntiy.mongodb.net:27017', tagSet=TagSet{[Tag{name='availabilityZone', value='euw3-az2'}, Tag{name='cacheState', value='READY'}, Tag{name='diskState', value='READY'}, Tag{name='nodeType', value='ELECTABLE'}, Tag{name='provider', value='AWS'}, Tag{name='region', value='EU_WEST_3'}, Tag{name='workloadType', value='OPERATIONAL'}]}, electionId=7fffffff0000000000000072, setVersion=16, topologyVersion=TopologyVersion{processId=69f4d34195ea0cacf1b5731e, counter=6}, lastWriteDate=Mon May 04 05:28:33 EEST 2026, lastUpdateTimeNanos=193651458874400}
2026-05-04 05:28:33 [cluster-ClusterId{value='69f804511c6fafa1c654a511', description='null'}-ac-ysg9ngg-shard-00-01.pefntiy.mongodb.net:27017] INFO  org.mongodb.driver.cluster - Discovered replica set primary ac-ysg9ngg-shard-00-01.pefntiy.mongodb.net:27017 with max election id 7fffffff0000000000000072 and max set version 16
2026-05-04 05:28:33 [restartedMain] WARN  o.s.b.s.a.UserDetailsServiceAutoConfiguration - 

Using generated security password: c5492797-31b2-4122-b325-4a252fc46a95

This generated password is for development use only. Your security configuration must be updated before running your application in production.

2026-05-04 05:28:33 [restartedMain] INFO  o.s.s.c.a.a.c.InitializeUserDetailsBeanManagerConfigurer$InitializeUserDetailsManagerConfigurer - Global AuthenticationManager configured with UserDetailsService bean with name inMemoryUserDetailsManager
2026-05-04 05:28:34 [restartedMain] INFO  o.s.c.n.e.c.DiscoveryClientOptionalArgsConfiguration - Eureka HTTP Client uses RestClient.
2026-05-04 05:28:34 [restartedMain] WARN  o.s.c.l.c.LoadBalancerCacheAutoConfiguration$LoadBalancerCaffeineWarnLogger - Spring Cloud LoadBalancer is currently working with the default cache. While this cache implementation is useful for development and tests, it's recommended to use Caffeine cache in production.You can switch to using Caffeine cache, by adding it and org.springframework.cache.caffeine.CaffeineCacheManager to the classpath.
2026-05-04 05:28:34 [restartedMain] INFO  o.s.b.a.e.web.EndpointLinksResolver - Exposing 1 endpoint beneath base path '/actuator'
2026-05-04 05:28:34 [restartedMain] INFO  o.a.coyote.http11.Http11NioProtocol - Starting ProtocolHandler ["http-nio-8080"]
2026-05-04 05:28:34 [restartedMain] INFO  o.s.boot.tomcat.TomcatWebServer - Tomcat started on port 8080 (http) with context path '/'
2026-05-04 05:28:34 [restartedMain] INFO  c.g.s.SupportAndNotificationsServiceApplication - Started SupportAndNotificationsServiceApplication in 2.471 seconds (process running for 616.35)
2026-05-04 05:28:34 [restartedMain] INFO  o.s.b.d.a.ConditionEvaluationDeltaLoggingListener - Condition evaluation unchanged
2026-05-04 05:29:07 [http-nio-8080-exec-1] INFO  o.a.c.c.C.[Tomcat].[localhost].[/] - Initializing Spring DispatcherServlet 'dispatcherServlet'
2026-05-04 05:29:07 [http-nio-8080-exec-1] INFO  o.s.web.servlet.DispatcherServlet - Initializing Servlet 'dispatcherServlet'
2026-05-04 05:29:07 [http-nio-8080-exec-1] INFO  o.s.web.servlet.DispatcherServlet - Completed initialization in 0 ms
2026-05-04 05:29:07 [http-nio-8080-exec-1] DEBUG c.g.s.security.JwtAuthFilter - [SECURITY] --> JwtAuthFilter.doFilterInternal() | uri: GET /api/complaints/me
2026-05-04 05:29:07 [http-nio-8080-exec-1] DEBUG c.g.s.security.JwtAuthFilter - [SECURITY] Token valid | accountId: 69ec1625c3afc45cdb6bef9b | role: MERCHANT
2026-05-04 05:29:07 [http-nio-8080-exec-1] INFO  c.g.s.config.LoggingAOP - Entering Controller ComplaintController.getMyComplaints() 
2026-05-04 05:29:07 [http-nio-8080-exec-1] INFO  c.g.s.config.LoggingAOP - [CONTROLLER] --> ComplaintController.getMyComplaints() | args: []
2026-05-04 05:29:07 [http-nio-8080-exec-1] INFO  c.g.s.config.LoggingAOP - Within service method
2026-05-04 05:29:07 [http-nio-8080-exec-1] INFO  c.g.s.config.LoggingAOP - [SERVICE] --> ComplaintService.getMyComplaints() | args: []
2026-05-04 05:29:07 [http-nio-8080-exec-1] INFO  c.g.s.config.LoggingAOP - Within service method
2026-05-04 05:29:07 [http-nio-8080-exec-1] INFO  c.g.s.config.LoggingAOP - [SERVICE] --> CurrentUserService.getCurrentUserId() | args: []
2026-05-04 05:29:07 [http-nio-8080-exec-1] INFO  c.g.s.config.LoggingAOP - [SERVICE] <-- CurrentUserService.getCurrentUserId() | time: 0 ms | return: 69ec1625c3afc45cdb6bef9b
2026-05-04 05:29:08 [http-nio-8080-exec-1] INFO  c.g.s.config.LoggingAOP - Entering Component ComplaintMapperImpl.toResponseList(..) 
2026-05-04 05:29:08 [http-nio-8080-exec-1] INFO  c.g.s.config.LoggingAOP - [COMPONENT] --> ComplaintMapperImpl.toResponseList() | args: [[com.gotrack.support_and_notifications_service.complaint.entity.Complaint@4c5abd24, com.gotrack.support_and_notifications_service.complaint.entity.Complaint@12d67e52, com.gotrack.support_and_notifications_service.complaint.entity.Complaint@4a20902f, com.gotrack.support_and_notifications_service.complaint.entity.Complaint@720d764a, com.gotrack.support_and_notifications_service.complaint.entity.Complaint@6b2746b2, com.gotrack.support_and_notifications_service.complaint.entity.Complaint@4a22816a, com.gotrack.support_and_notifications_service.complaint.entity.Complaint@44dc1e9, com.gotrack.support_and_notifications_service.complaint.entity.Complaint@1d6b480c, com.gotrack.support_and_notifications_service.complaint.entity.Complaint@4c288fc5, com.gotrack.support_and_notifications_service.complaint.entity.Complaint@125f7efb, com.gotrack.support_and_notifications_service.complaint.entity.Complaint@78f7b7d0, com.gotrack.support_and_notifications_service.complaint.entity.Complaint@3f9babea, com.gotrack.support_and_notifications_service.complaint.entity.Complaint@37c54d7b, com.gotrack.support_and_notifications_service.complaint.entity.Complaint@5e8455de, com.gotrack.support_and_notifications_service.complaint.entity.Complaint@1b8820e9, com.gotrack.support_and_notifications_service.complaint.entity.Complaint@792e1c89, com.gotrack.support_and_notifications_service.complaint.entity.Complaint@641d2842, com.gotrack.support_and_notifications_service.complaint.entity.Complaint@184bbbba, com.gotrack.support_and_notifications_service.complaint.entity.Complaint@429e4f32, com.gotrack.support_and_notifications_service.complaint.entity.Complaint@4b5dc9bc, com.gotrack.support_and_notifications_service.complaint.entity.Complaint@460fb7ad, com.gotrack.support_and_notifications_service.complaint.entity.Complaint@35c52bd, com.gotrack.support_and_notifications_service.complaint.entity.Complaint@338b6a3b, com.gotrack.support_and_notifications_service.complaint.entity.Complaint@16be55df, com.gotrack.support_and_notifications_service.complaint.entity.Complaint@2db73a7a, com.gotrack.support_and_notifications_service.complaint.entity.Complaint@4c9f5ccb, com.gotrack.support_and_notifications_service.complaint.entity.Complaint@242d3dd1, com.gotrack.support_and_notifications_service.complaint.entity.Complaint@40d98426, com.gotrack.support_and_notifications_service.complaint.entity.Complaint@54a912ad, com.gotrack.support_and_notifications_service.complaint.entity.Complaint@626675f7, com.gotrack.support_and_notifications_service.complaint.entity.Complaint@2fe80fdf, com.gotrack.support_and_notifications_service.complaint.entity.Complaint@231c46b0, com.gotrack.support_and_notifications_service.complaint.entity.Complaint@3fbc0404, com.gotrack.support_and_notifications_service.complaint.entity.Complaint@6e2417c9, com.gotrack.support_and_notifications_service.complaint.entity.Complaint@1dd6b25, com.gotrack.support_and_notifications_service.complaint.entity.Complaint@40359468]]
2026-05-04 05:29:08 [http-nio-8080-exec-1] INFO  c.g.s.config.LoggingAOP - Exiting component ComplaintMapperImpl.toResponseList(..) 
2026-05-04 05:29:08 [http-nio-8080-exec-1] INFO  c.g.s.config.LoggingAOP - [COMPONENT] <-- ComplaintMapperImpl.toResponseList() | return: [com.gotrack.support_and_notifications_service.complaint.dto.response.ComplaintResponse@51a2e226, com.gotrack.support_and_notifications_service.complaint.dto.response.ComplaintResponse@3b4c3f74, com.gotrack.support_and_notifications_service.complaint.dto.response.ComplaintResponse@57366aa1, com.gotrack.support_and_notifications_service.complaint.dto.response.ComplaintResponse@794ce05d, com.gotrack.support_and_notifications_service.complaint.dto.response.ComplaintResponse@3f399e80, com.gotrack.support_and_notifications_service.complaint.dto.response.ComplaintResponse@6554b18c, com.gotrack.support_and_notifications_service.complaint.dto.response.ComplaintResponse@1d3ace5, com.gotrack.support_and_notifications_service.complaint.dto.response.ComplaintResponse@1f03ea8a, com.gotrack.support_and_notifications_service.complaint.dto.response.ComplaintResponse@6c3daa74, com.gotrack.support_and_notifications_service.complaint.dto.response.ComplaintResponse@2ca5aeae, com.gotrack.support_and_notifications_service.complaint.dto.response.ComplaintResponse@308d9b5b, com.gotrack.support_and_notifications_service.complaint.dto.response.ComplaintResponse@305a607a, com.gotrack.support_and_notifications_service.complaint.dto.response.ComplaintResponse@31b5020f, com.gotrack.support_and_notifications_service.complaint.dto.response.ComplaintResponse@30641a49, com.gotrack.support_and_notifications_service.complaint.dto.response.ComplaintResponse@6cef185d, com.gotrack.support_and_notifications_service.complaint.dto.response.ComplaintResponse@f55fc0a, com.gotrack.support_and_notifications_service.complaint.dto.response.ComplaintResponse@16e93295, com.gotrack.support_and_notifications_service.complaint.dto.response.ComplaintResponse@6cfc453, com.gotrack.support_and_notifications_service.complaint.dto.response.ComplaintResponse@12f61927, com.gotrack.support_and_notifications_service.complaint.dto.response.ComplaintResponse@326302df, com.gotrack.support_and_notifications_service.complaint.dto.response.ComplaintResponse@6dc1e39c, com.gotrack.support_and_notifications_service.complaint.dto.response.ComplaintResponse@15544f2b, com.gotrack.support_and_notifications_service.complaint.dto.response.ComplaintResponse@37c94387, com.gotrack.support_and_notifications_service.complaint.dto.response.ComplaintResponse@1d96ca5b, com.gotrack.support_and_notifications_service.complaint.dto.response.ComplaintResponse@7fa91776, com.gotrack.support_and_notifications_service.complaint.dto.response.ComplaintResponse@48b332bf, com.gotrack.support_and_notifications_service.complaint.dto.response.ComplaintResponse@351b8555, com.gotrack.support_and_notifications_service.complaint.dto.response.ComplaintResponse@1e7445bf, com.gotrack.support_and_notifications_service.complaint.dto.response.ComplaintResponse@29d1f3a0, com.gotrack.support_and_notifications_service.complaint.dto.response.ComplaintResponse@78a60aef, com.gotrack.support_and_notifications_service.complaint.dto.response.ComplaintResponse@11fe0983, com.gotrack.support_and_notifications_service.complaint.dto.response.ComplaintResponse@2d1bffbe, com.gotrack.support_and_notifications_service.complaint.dto.response.ComplaintResponse@b71454e, com.gotrack.support_and_notifications_service.complaint.dto.response.ComplaintResponse@4348c7bd, com.gotrack.support_and_notifications_service.complaint.dto.response.ComplaintResponse@229b7c46, com.gotrack.support_and_notifications_service.complaint.dto.response.ComplaintResponse@508f81a4]
2026-05-04 05:29:08 [http-nio-8080-exec-1] INFO  c.g.s.config.LoggingAOP - [SERVICE] <-- ComplaintService.getMyComplaints() | time: 599 ms | return: [com.gotrack.support_and_notifications_service.complaint.dto.response.ComplaintResponse@51a2e226, com.gotrack.support_and_notifications_service.complaint.dto.response.ComplaintResponse@3b4c3f74, com.gotrack.support_and_notifications_service.complaint.dto.response.ComplaintResponse@57366aa1, com.gotrack.support_and_notifications_service.complaint.dto.response.ComplaintResponse@794ce05d, com.gotrack.support_and_notifications_service.complaint.dto.response.ComplaintResponse@3f399e80, com.gotrack.support_and_notifications_service.complaint.dto.response.ComplaintResponse@6554b18c, com.gotrack.support_and_notifications_service.complaint.dto.response.ComplaintResponse@1d3ace5, com.gotrack.support_and_notifications_service.complaint.dto.response.ComplaintResponse@1f03ea8a, com.gotrack.support_and_notifications_service.complaint.dto.response.ComplaintResponse@6c3daa74, com.gotrack.support_and_notifications_service.complaint.dto.response.ComplaintResponse@2ca5aeae, com.gotrack.support_and_notifications_service.complaint.dto.response.ComplaintResponse@308d9b5b, com.gotrack.support_and_notifications_service.complaint.dto.response.ComplaintResponse@305a607a, com.gotrack.support_and_notifications_service.complaint.dto.response.ComplaintResponse@31b5020f, com.gotrack.support_and_notifications_service.complaint.dto.response.ComplaintResponse@30641a49, com.gotrack.support_and_notifications_service.complaint.dto.response.ComplaintResponse@6cef185d, com.gotrack.support_and_notifications_service.complaint.dto.response.ComplaintResponse@f55fc0a, com.gotrack.support_and_notifications_service.complaint.dto.response.ComplaintResponse@16e93295, com.gotrack.support_and_notifications_service.complaint.dto.response.ComplaintResponse@6cfc453, com.gotrack.support_and_notifications_service.complaint.dto.response.ComplaintResponse@12f61927, com.gotrack.support_and_notifications_service.complaint.dto.response.ComplaintResponse@326302df, com.gotrack.support_and_notifications_service.complaint.dto.response.ComplaintResponse@6dc1e39c, com.gotrack.support_and_notifications_service.complaint.dto.response.ComplaintResponse@15544f2b, com.gotrack.support_and_notifications_service.complaint.dto.response.ComplaintResponse@37c94387, com.gotrack.support_and_notifications_service.complaint.dto.response.ComplaintResponse@1d96ca5b, com.gotrack.support_and_notifications_service.complaint.dto.response.ComplaintResponse@7fa91776, com.gotrack.support_and_notifications_service.complaint.dto.response.ComplaintResponse@48b332bf, com.gotrack.support_and_notifications_service.complaint.dto.response.ComplaintResponse@351b8555, com.gotrack.support_and_notifications_service.complaint.dto.response.ComplaintResponse@1e7445bf, com.gotrack.support_and_notifications_service.complaint.dto.response.ComplaintResponse@29d1f3a0, com.gotrack.support_and_notifications_service.complaint.dto.response.ComplaintResponse@78a60aef, com.gotrack.support_and_notifications_service.complaint.dto.response.ComplaintResponse@11fe0983, com.gotrack.support_and_notifications_service.complaint.dto.response.ComplaintResponse@2d1bffbe, com.gotrack.support_and_notifications_service.complaint.dto.response.ComplaintResponse@b71454e, com.gotrack.support_and_notifications_service.complaint.dto.response.ComplaintResponse@4348c7bd, com.gotrack.support_and_notifications_service.complaint.dto.response.ComplaintResponse@229b7c46, com.gotrack.support_and_notifications_service.complaint.dto.response.ComplaintResponse@508f81a4]
2026-05-04 05:29:08 [http-nio-8080-exec-1] INFO  c.g.s.config.LoggingAOP - Exiting controller ComplaintController.getMyComplaints() 
2026-05-04 05:29:08 [http-nio-8080-exec-1] INFO  c.g.s.config.LoggingAOP - [CONTROLLER] <-- ComplaintController.getMyComplaints() | return: <200 OK OK,[com.gotrack.support_and_notifications_service.complaint.dto.response.ComplaintResponse@51a2e226, com.gotrack.support_and_notifications_service.complaint.dto.response.ComplaintResponse@3b4c3f74, com.gotrack.support_and_notifications_service.complaint.dto.response.ComplaintResponse@57366aa1, com.gotrack.support_and_notifications_service.complaint.dto.response.ComplaintResponse@794ce05d, com.gotrack.support_and_notifications_service.complaint.dto.response.ComplaintResponse@3f399e80, com.gotrack.support_and_notifications_service.complaint.dto.response.ComplaintResponse@6554b18c, com.gotrack.support_and_notifications_service.complaint.dto.response.ComplaintResponse@1d3ace5, com.gotrack.support_and_notifications_service.complaint.dto.response.ComplaintResponse@1f03ea8a, com.gotrack.support_and_notifications_service.complaint.dto.response.ComplaintResponse@6c3daa74, com.gotrack.support_and_notifications_service.complaint.dto.response.ComplaintResponse@2ca5aeae, com.gotrack.support_and_notifications_service.complaint.dto.response.ComplaintResponse@308d9b5b, com.gotrack.support_and_notifications_service.complaint.dto.response.ComplaintResponse@305a607a, com.gotrack.support_and_notifications_service.complaint.dto.response.ComplaintResponse@31b5020f, com.gotrack.support_and_notifications_service.complaint.dto.response.ComplaintResponse@30641a49, com.gotrack.support_and_notifications_service.complaint.dto.response.ComplaintResponse@6cef185d, com.gotrack.support_and_notifications_service.complaint.dto.response.ComplaintResponse@f55fc0a, com.gotrack.support_and_notifications_service.complaint.dto.response.ComplaintResponse@16e93295, com.gotrack.support_and_notifications_service.complaint.dto.response.ComplaintResponse@6cfc453, com.gotrack.support_and_notifications_service.complaint.dto.response.ComplaintResponse@12f61927, com.gotrack.support_and_notifications_service.complaint.dto.response.ComplaintResponse@326302df, com.gotrack.support_and_notifications_service.complaint.dto.response.ComplaintResponse@6dc1e39c, com.gotrack.support_and_notifications_service.complaint.dto.response.ComplaintResponse@15544f2b, com.gotrack.support_and_notifications_service.complaint.dto.response.ComplaintResponse@37c94387, com.gotrack.support_and_notifications_service.complaint.dto.response.ComplaintResponse@1d96ca5b, com.gotrack.support_and_notifications_service.complaint.dto.response.ComplaintResponse@7fa91776, com.gotrack.support_and_notifications_service.complaint.dto.response.ComplaintResponse@48b332bf, com.gotrack.support_and_notifications_service.complaint.dto.response.ComplaintResponse@351b8555, com.gotrack.support_and_notifications_service.complaint.dto.response.ComplaintResponse@1e7445bf, com.gotrack.support_and_notifications_service.complaint.dto.response.ComplaintResponse@29d1f3a0, com.gotrack.support_and_notifications_service.complaint.dto.response.ComplaintResponse@78a60aef, com.gotrack.support_and_notifications_service.complaint.dto.response.ComplaintResponse@11fe0983, com.gotrack.support_and_notifications_service.complaint.dto.response.ComplaintResponse@2d1bffbe, com.gotrack.support_and_notifications_service.complaint.dto.response.ComplaintResponse@b71454e, com.gotrack.support_and_notifications_service.complaint.dto.response.ComplaintResponse@4348c7bd, com.gotrack.support_and_notifications_service.complaint.dto.response.ComplaintResponse@229b7c46, com.gotrack.support_and_notifications_service.complaint.dto.response.ComplaintResponse@508f81a4],[]>
2026-05-04 05:29:32 [http-nio-8080-exec-4] DEBUG c.g.s.security.JwtAuthFilter - [SECURITY] --> JwtAuthFilter.doFilterInternal() | uri: GET /api/notifications/me
2026-05-04 05:29:32 [http-nio-8080-exec-4] DEBUG c.g.s.security.JwtAuthFilter - [SECURITY] Token valid | accountId: 69ec1625c3afc45cdb6bef9b | role: MERCHANT
2026-05-04 05:29:32 [http-nio-8080-exec-4] INFO  c.g.s.config.LoggingAOP - Entering Controller NotificationController.getMyNotifications(..) 
2026-05-04 05:29:32 [http-nio-8080-exec-4] INFO  c.g.s.config.LoggingAOP - [CONTROLLER] --> NotificationController.getMyNotifications() | args: [null]
2026-05-04 05:29:32 [http-nio-8080-exec-4] INFO  c.g.s.config.LoggingAOP - Within service method
2026-05-04 05:29:32 [http-nio-8080-exec-4] INFO  c.g.s.config.LoggingAOP - [SERVICE] --> NotificationService.getNotificationsForProfile() | args: [null]
2026-05-04 05:29:32 [http-nio-8080-exec-4] INFO  c.g.s.config.LoggingAOP - Within service method
2026-05-04 05:29:32 [http-nio-8080-exec-4] INFO  c.g.s.config.LoggingAOP - [SERVICE] --> CurrentUserService.getCurrentUserId() | args: []
2026-05-04 05:29:32 [http-nio-8080-exec-4] INFO  c.g.s.config.LoggingAOP - [SERVICE] <-- CurrentUserService.getCurrentUserId() | time: 0 ms | return: 69ec1625c3afc45cdb6bef9b
2026-05-04 05:29:32 [http-nio-8080-exec-4] INFO  c.g.s.config.LoggingAOP - [SERVICE] <-- NotificationService.getNotificationsForProfile() | time: 86 ms | return: [com.gotrack.support_and_notifications_service.notification.entity.Notifications@695b0751, com.gotrack.support_and_notifications_service.notification.entity.Notifications@724c497b, com.gotrack.support_and_notifications_service.notification.entity.Notifications@2398dd8, com.gotrack.support_and_notifications_service.notification.entity.Notifications@7786952f, com.gotrack.support_and_notifications_service.notification.entity.Notifications@46567501, com.gotrack.support_and_notifications_service.notification.entity.Notifications@56c1fb21, com.gotrack.support_and_notifications_service.notification.entity.Notifications@1858eb6c, com.gotrack.support_and_notifications_service.notification.entity.Notifications@5b343aa5, com.gotrack.support_and_notifications_service.notification.entity.Notifications@2ebfa2bf, com.gotrack.support_and_notifications_service.notification.entity.Notifications@77fe5cba, com.gotrack.support_and_notifications_service.notification.entity.Notifications@28a2caa2, com.gotrack.support_and_notifications_service.notification.entity.Notifications@52392c01, com.gotrack.support_and_notifications_service.notification.entity.Notifications@1c0c6a3, com.gotrack.support_and_notifications_service.notification.entity.Notifications@4de41ad, com.gotrack.support_and_notifications_service.notification.entity.Notifications@3a977c4e, com.gotrack.support_and_notifications_service.notification.entity.Notifications@21d50639, com.gotrack.support_and_notifications_service.notification.entity.Notifications@26a7297e, com.gotrack.support_and_notifications_service.notification.entity.Notifications@5002c72e, com.gotrack.support_and_notifications_service.notification.entity.Notifications@51f6a46c, com.gotrack.support_and_notifications_service.notification.entity.Notifications@589b84a5, com.gotrack.support_and_notifications_service.notification.entity.Notifications@47e8aa11, com.gotrack.support_and_notifications_service.notification.entity.Notifications@1152e75, com.gotrack.support_and_notifications_service.notification.entity.Notifications@65242fff, com.gotrack.support_and_notifications_service.notification.entity.Notifications@619e3152, com.gotrack.support_and_notifications_service.notification.entity.Notifications@6324a752, com.gotrack.support_and_notifications_service.notification.entity.Notifications@4b6a4bc5, com.gotrack.support_and_notifications_service.notification.entity.Notifications@f75ce80, com.gotrack.support_and_notifications_service.notification.entity.Notifications@1ff17a9d, com.gotrack.support_and_notifications_service.notification.entity.Notifications@59a94006, com.gotrack.support_and_notifications_service.notification.entity.Notifications@40840c95, com.gotrack.support_and_notifications_service.notification.entity.Notifications@6124dbcb, com.gotrack.support_and_notifications_service.notification.entity.Notifications@751560e0, com.gotrack.support_and_notifications_service.notification.entity.Notifications@662fb734, com.gotrack.support_and_notifications_service.notification.entity.Notifications@62fefc0, com.gotrack.support_and_notifications_service.notification.entity.Notifications@4192964d, com.gotrack.support_and_notifications_service.notification.entity.Notifications@1f5eecff, com.gotrack.support_and_notifications_service.notification.entity.Notifications@4537e37, com.gotrack.support_and_notifications_service.notification.entity.Notifications@7d7bc092]
2026-05-04 05:29:32 [http-nio-8080-exec-4] INFO  c.g.s.config.LoggingAOP - Exiting controller NotificationController.getMyNotifications(..) 
2026-05-04 05:29:32 [http-nio-8080-exec-4] INFO  c.g.s.config.LoggingAOP - [CONTROLLER] <-- NotificationController.getMyNotifications() | return: <200 OK OK,[com.gotrack.support_and_notifications_service.notification.entity.Notifications@695b0751, com.gotrack.support_and_notifications_service.notification.entity.Notifications@724c497b, com.gotrack.support_and_notifications_service.notification.entity.Notifications@2398dd8, com.gotrack.support_and_notifications_service.notification.entity.Notifications@7786952f, com.gotrack.support_and_notifications_service.notification.entity.Notifications@46567501, com.gotrack.support_and_notifications_service.notification.entity.Notifications@56c1fb21, com.gotrack.support_and_notifications_service.notification.entity.Notifications@1858eb6c, com.gotrack.support_and_notifications_service.notification.entity.Notifications@5b343aa5, com.gotrack.support_and_notifications_service.notification.entity.Notifications@2ebfa2bf, com.gotrack.support_and_notifications_service.notification.entity.Notifications@77fe5cba, com.gotrack.support_and_notifications_service.notification.entity.Notifications@28a2caa2, com.gotrack.support_and_notifications_service.notification.entity.Notifications@52392c01, com.gotrack.support_and_notifications_service.notification.entity.Notifications@1c0c6a3, com.gotrack.support_and_notifications_service.notification.entity.Notifications@4de41ad, com.gotrack.support_and_notifications_service.notification.entity.Notifications@3a977c4e, com.gotrack.support_and_notifications_service.notification.entity.Notifications@21d50639, com.gotrack.support_and_notifications_service.notification.entity.Notifications@26a7297e, com.gotrack.support_and_notifications_service.notification.entity.Notifications@5002c72e, com.gotrack.support_and_notifications_service.notification.entity.Notifications@51f6a46c, com.gotrack.support_and_notifications_service.notification.entity.Notifications@589b84a5, com.gotrack.support_and_notifications_service.notification.entity.Notifications@47e8aa11, com.gotrack.support_and_notifications_service.notification.entity.Notifications@1152e75, com.gotrack.support_and_notifications_service.notification.entity.Notifications@65242fff, com.gotrack.support_and_notifications_service.notification.entity.Notifications@619e3152, com.gotrack.support_and_notifications_service.notification.entity.Notifications@6324a752, com.gotrack.support_and_notifications_service.notification.entity.Notifications@4b6a4bc5, com.gotrack.support_and_notifications_service.notification.entity.Notifications@f75ce80, com.gotrack.support_and_notifications_service.notification.entity.Notifications@1ff17a9d, com.gotrack.support_and_notifications_service.notification.entity.Notifications@59a94006, com.gotrack.support_and_notifications_service.notification.entity.Notifications@40840c95, com.gotrack.support_and_notifications_service.notification.entity.Notifications@6124dbcb, com.gotrack.support_and_notifications_service.notification.entity.Notifications@751560e0, com.gotrack.support_and_notifications_service.notification.entity.Notifications@662fb734, com.gotrack.support_and_notifications_service.notification.entity.Notifications@62fefc0, com.gotrack.support_and_notifications_service.notification.entity.Notifications@4192964d, com.gotrack.support_and_notifications_service.notification.entity.Notifications@1f5eecff, com.gotrack.support_and_notifications_service.notification.entity.Notifications@4537e37, com.gotrack.support_and_notifications_service.notification.entity.Notifications@7d7bc092],[]>
2026-05-04 05:29:54 [http-nio-8080-exec-5] DEBUG c.g.s.security.JwtAuthFilter - [SECURITY] --> JwtAuthFilter.doFilterInternal() | uri: PUT /api/notifications/69f802101c6fafa1c654a50f/read
2026-05-04 05:29:54 [http-nio-8080-exec-5] DEBUG c.g.s.security.JwtAuthFilter - [SECURITY] Token valid | accountId: 69ec1625c3afc45cdb6bef9b | role: MERCHANT
2026-05-04 05:29:54 [http-nio-8080-exec-5] INFO  c.g.s.config.LoggingAOP - Entering Controller NotificationController.markAsRead(..) 
2026-05-04 05:29:54 [http-nio-8080-exec-5] INFO  c.g.s.config.LoggingAOP - [CONTROLLER] --> NotificationController.markAsRead() | args: [69f802101c6fafa1c654a50f]
2026-05-04 05:29:54 [http-nio-8080-exec-5] INFO  c.g.s.config.LoggingAOP - Within service method
2026-05-04 05:29:54 [http-nio-8080-exec-5] INFO  c.g.s.config.LoggingAOP - [SERVICE] --> CurrentUserService.getCurrentUserId() | args: []
2026-05-04 05:29:54 [http-nio-8080-exec-5] INFO  c.g.s.config.LoggingAOP - [SERVICE] <-- CurrentUserService.getCurrentUserId() | time: 0 ms | return: 69ec1625c3afc45cdb6bef9b
2026-05-04 05:29:54 [http-nio-8080-exec-5] INFO  c.g.s.config.LoggingAOP - Within service method
2026-05-04 05:29:54 [http-nio-8080-exec-5] INFO  c.g.s.config.LoggingAOP - [SERVICE] --> NotificationService.markAsRead() | args: [69f802101c6fafa1c654a50f, 69ec1625c3afc45cdb6bef9b]
2026-05-04 05:29:54 [http-nio-8080-exec-5] INFO  c.g.s.config.LoggingAOP - Within service method
2026-05-04 05:29:54 [http-nio-8080-exec-5] INFO  c.g.s.config.LoggingAOP - [SERVICE] --> CheckUser.checkUserExists() | args: [69ec1625c3afc45cdb6bef9b]
2026-05-04 05:29:54 [http-nio-8080-exec-5] INFO  c.g.s.config.LoggingAOP - Entering Component UserRepo.existsById(..) 
2026-05-04 05:29:54 [http-nio-8080-exec-5] INFO  c.g.s.config.LoggingAOP - [COMPONENT] --> UserRepo.existsById() | args: [69ec1625c3afc45cdb6bef9b]
2026-05-04 05:29:54 [http-nio-8080-exec-5] INFO  c.g.s.config.LoggingAOP - Exiting component UserRepo.existsById(..) 
2026-05-04 05:29:54 [http-nio-8080-exec-5] INFO  c.g.s.config.LoggingAOP - [COMPONENT] <-- UserRepo.existsById() | return: true
2026-05-04 05:29:54 [http-nio-8080-exec-5] INFO  c.g.s.config.LoggingAOP - [SERVICE] <-- CheckUser.checkUserExists() | time: 2 ms | return: null
2026-05-04 05:29:54 [http-nio-8080-exec-5] INFO  c.g.s.config.LoggingAOP - [SERVICE] <-- NotificationService.markAsRead() | time: 157 ms | return: null
2026-05-04 05:29:54 [http-nio-8080-exec-5] INFO  c.g.s.config.LoggingAOP - Exiting controller NotificationController.markAsRead(..) 
2026-05-04 05:29:54 [http-nio-8080-exec-5] INFO  c.g.s.config.LoggingAOP - [CONTROLLER] <-- NotificationController.markAsRead() | return: <200 OK OK,{message=Notification marked as read},[]>
2026-05-04 05:30:13 [http-nio-8080-exec-3] DEBUG c.g.s.security.JwtAuthFilter - [SECURITY] --> JwtAuthFilter.doFilterInternal() | uri: PUT /api/complaints/69f8020f1c6fafa1c654a50e/status
2026-05-04 05:30:13 [http-nio-8080-exec-3] DEBUG c.g.s.security.JwtAuthFilter - [SECURITY] Token valid | accountId: 69ec1625c3afc45cdb6bef9b | role: ADMIN
2026-05-04 05:30:13 [http-nio-8080-exec-3] INFO  c.g.s.config.LoggingAOP - Entering Controller ComplaintController.updateComplaintStatus(..) 
2026-05-04 05:30:13 [http-nio-8080-exec-3] INFO  c.g.s.config.LoggingAOP - [CONTROLLER] --> ComplaintController.updateComplaintStatus() | args: [69f8020f1c6fafa1c654a50e, com.gotrack.support_and_notifications_service.complaint.dto.request.UpdateComplaintStatus@6ea34d66]
2026-05-04 05:30:13 [http-nio-8080-exec-3] INFO  c.g.s.config.LoggingAOP - Within service method
2026-05-04 05:30:13 [http-nio-8080-exec-3] INFO  c.g.s.config.LoggingAOP - [SERVICE] --> ComplaintService.updateComplaintStatus() | args: [69f8020f1c6fafa1c654a50e, com.gotrack.support_and_notifications_service.complaint.dto.request.UpdateComplaintStatus@6ea34d66]
2026-05-04 05:30:13 [http-nio-8080-exec-3] INFO  c.g.s.config.LoggingAOP - Entering Component CheckStatusTransition.checkTransition(..) 
2026-05-04 05:30:13 [http-nio-8080-exec-3] INFO  c.g.s.config.LoggingAOP - [COMPONENT] --> CheckStatusTransition.checkTransition() | args: [PENDING, IN_PROGRESS]
2026-05-04 05:30:13 [http-nio-8080-exec-3] INFO  c.g.s.config.LoggingAOP - Exiting component CheckStatusTransition.checkTransition(..) 
2026-05-04 05:30:13 [http-nio-8080-exec-3] INFO  c.g.s.config.LoggingAOP - [COMPONENT] <-- CheckStatusTransition.checkTransition() | return: null
2026-05-04 05:30:13 [http-nio-8080-exec-3] INFO  c.g.s.config.LoggingAOP - Entering Component WEventPublisher.publish(..) 
2026-05-04 05:30:13 [http-nio-8080-exec-3] INFO  c.g.s.config.LoggingAOP - [COMPONENT] --> WEventPublisher.publish() | args: [com.gotrack.support_and_notifications_service.notification.event.ComplaintStatusUpdateEvent@6825b4c3]
2026-05-04 05:30:13 [http-nio-8080-exec-3] INFO  c.g.s.config.LoggingAOP - Exiting component WEventPublisher.publish(..) 
2026-05-04 05:30:13 [http-nio-8080-exec-3] INFO  c.g.s.config.LoggingAOP - [COMPONENT] <-- WEventPublisher.publish() | return: null
2026-05-04 05:30:13 [event-thread-1] INFO  c.g.s.config.LoggingAOP - Entering Component ComplaintListener.handleComplaintStatusUpdateEvent(..) 
2026-05-04 05:30:13 [event-thread-1] INFO  c.g.s.config.LoggingAOP - [COMPONENT] --> ComplaintListener.handleComplaintStatusUpdateEvent() | args: [com.gotrack.support_and_notifications_service.notification.event.ComplaintStatusUpdateEvent@6825b4c3]
2026-05-04 05:30:13 [event-thread-1] INFO  c.g.s.config.LoggingAOP - Entering Listener ComplaintListener.handleComplaintStatusUpdateEvent(..) 
2026-05-04 05:30:13 [event-thread-1] INFO  c.g.s.config.LoggingAOP - [LISTENER] --> ComplaintListener.handleComplaintStatusUpdateEvent() | event: [com.gotrack.support_and_notifications_service.notification.event.ComplaintStatusUpdateEvent@6825b4c3]
2026-05-04 05:30:13 [event-thread-1] INFO  c.g.s.config.LoggingAOP - Within service method
2026-05-04 05:30:13 [event-thread-1] INFO  c.g.s.config.LoggingAOP - [SERVICE] --> NotificationService.createNotification() | args: [69ec1625c3afc45cdb6bef9b, Complaint status updated to IN_PROGRESS. Note: We have started investigating your complaint., IN_APP, momoehab@gmail.com]
2026-05-04 05:30:13 [http-nio-8080-exec-3] INFO  c.g.s.config.LoggingAOP - [SERVICE] <-- ComplaintService.updateComplaintStatus() | time: 163 ms | return: com.gotrack.support_and_notifications_service.complaint.dto.response.ComplaintStatusUpdate@204ea9d6
2026-05-04 05:30:13 [http-nio-8080-exec-3] INFO  c.g.s.config.LoggingAOP - Exiting controller ComplaintController.updateComplaintStatus(..) 
2026-05-04 05:30:13 [event-thread-1] INFO  c.g.s.config.LoggingAOP - Entering Component NotificationMapperImpl.toNotificationMessage(..) 
2026-05-04 05:30:13 [http-nio-8080-exec-3] INFO  c.g.s.config.LoggingAOP - [CONTROLLER] <-- ComplaintController.updateComplaintStatus() | return: <200 OK OK,com.gotrack.support_and_notifications_service.complaint.dto.response.ComplaintStatusUpdate@204ea9d6,[]>
2026-05-04 05:30:13 [event-thread-1] INFO  c.g.s.config.LoggingAOP - [COMPONENT] --> NotificationMapperImpl.toNotificationMessage() | args: [69ec1625c3afc45cdb6bef9b, Complaint status updated to IN_PROGRESS. Note: We have started investigating your complaint., IN_APP]
2026-05-04 05:30:13 [event-thread-1] INFO  c.g.s.config.LoggingAOP - Exiting component NotificationMapperImpl.toNotificationMessage(..) 
2026-05-04 05:30:13 [event-thread-1] INFO  c.g.s.config.LoggingAOP - [COMPONENT] <-- NotificationMapperImpl.toNotificationMessage() | return: com.gotrack.support_and_notifications_service.notification.entity.Notifications@1d22c2a9
2026-05-04 05:30:13 [event-thread-1] INFO  c.g.s.config.LoggingAOP - Entering Component WEventPublisher.publish(..) 
2026-05-04 05:30:13 [event-thread-1] INFO  c.g.s.config.LoggingAOP - [COMPONENT] --> WEventPublisher.publish() | args: [com.gotrack.support_and_notifications_service.notification.event.NotificationCreated@191d55d5]
2026-05-04 05:30:13 [event-thread-1] INFO  c.g.s.config.LoggingAOP - Exiting component WEventPublisher.publish(..) 
2026-05-04 05:30:13 [event-thread-1] INFO  c.g.s.config.LoggingAOP - [COMPONENT] <-- WEventPublisher.publish() | return: null
2026-05-04 05:30:13 [event-thread-2] INFO  c.g.s.config.LoggingAOP - Entering Component NotificationListener.handleNotificationCreatedEvent(..) 
2026-05-04 05:30:13 [event-thread-2] INFO  c.g.s.config.LoggingAOP - [COMPONENT] --> NotificationListener.handleNotificationCreatedEvent() | args: [com.gotrack.support_and_notifications_service.notification.event.NotificationCreated@191d55d5]
2026-05-04 05:30:13 [event-thread-2] INFO  c.g.s.config.LoggingAOP - Entering Listener NotificationListener.handleNotificationCreatedEvent(..) 
2026-05-04 05:30:13 [event-thread-2] INFO  c.g.s.config.LoggingAOP - [LISTENER] --> NotificationListener.handleNotificationCreatedEvent() | event: [com.gotrack.support_and_notifications_service.notification.event.NotificationCreated@191d55d5]
2026-05-04 05:30:13 [event-thread-1] INFO  c.g.s.config.LoggingAOP - [SERVICE] <-- NotificationService.createNotification() | time: 74 ms | return: com.gotrack.support_and_notifications_service.notification.entity.Notifications@1d22c2a9
2026-05-04 05:30:13 [event-thread-2] INFO  c.g.s.n.l.NotificationListener - Sending IN_APP to profile 69ec1625c3afc45cdb6bef9b: Complaint status updated to IN_PROGRESS. Note: We have started investigating your complaint.
2026-05-04 05:30:13 [event-thread-1] INFO  c.g.s.config.LoggingAOP - Exiting Listener ComplaintListener.handleComplaintStatusUpdateEvent(..) 
2026-05-04 05:30:13 [event-thread-2] INFO  c.g.s.config.LoggingAOP - Exiting Listener NotificationListener.handleNotificationCreatedEvent(..) 
2026-05-04 05:30:13 [event-thread-1] INFO  c.g.s.config.LoggingAOP - [LISTENER] <-- ComplaintListener.handleComplaintStatusUpdateEvent()
2026-05-04 05:30:13 [event-thread-2] INFO  c.g.s.config.LoggingAOP - [LISTENER] <-- NotificationListener.handleNotificationCreatedEvent()
2026-05-04 05:30:13 [event-thread-1] INFO  c.g.s.config.LoggingAOP - Exiting component ComplaintListener.handleComplaintStatusUpdateEvent(..) 
2026-05-04 05:30:13 [event-thread-2] INFO  c.g.s.config.LoggingAOP - Exiting component NotificationListener.handleNotificationCreatedEvent(..) 
2026-05-04 05:30:13 [event-thread-1] INFO  c.g.s.config.LoggingAOP - [COMPONENT] <-- ComplaintListener.handleComplaintStatusUpdateEvent() | return: null
2026-05-04 05:30:13 [event-thread-2] INFO  c.g.s.config.LoggingAOP - [COMPONENT] <-- NotificationListener.handleNotificationCreatedEvent() | return: null
2026-05-04 05:30:34 [http-nio-8080-exec-6] DEBUG c.g.s.security.JwtAuthFilter - [SECURITY] --> JwtAuthFilter.doFilterInternal() | uri: PUT /api/complaints/69f8020f1c6fafa1c654a50e/status
2026-05-04 05:30:34 [http-nio-8080-exec-6] DEBUG c.g.s.security.JwtAuthFilter - [SECURITY] Token valid | accountId: 69ec1625c3afc45cdb6bef9b | role: ADMIN
2026-05-04 05:30:34 [http-nio-8080-exec-6] INFO  c.g.s.config.LoggingAOP - Entering Controller ComplaintController.updateComplaintStatus(..) 
2026-05-04 05:30:34 [http-nio-8080-exec-6] INFO  c.g.s.config.LoggingAOP - [CONTROLLER] --> ComplaintController.updateComplaintStatus() | args: [69f8020f1c6fafa1c654a50e, com.gotrack.support_and_notifications_service.complaint.dto.request.UpdateComplaintStatus@78639aa0]
2026-05-04 05:30:34 [http-nio-8080-exec-6] INFO  c.g.s.config.LoggingAOP - Within service method
2026-05-04 05:30:34 [http-nio-8080-exec-6] INFO  c.g.s.config.LoggingAOP - [SERVICE] --> ComplaintService.updateComplaintStatus() | args: [69f8020f1c6fafa1c654a50e, com.gotrack.support_and_notifications_service.complaint.dto.request.UpdateComplaintStatus@78639aa0]
2026-05-04 05:30:34 [http-nio-8080-exec-6] INFO  c.g.s.config.LoggingAOP - Entering Component CheckStatusTransition.checkTransition(..) 
2026-05-04 05:30:34 [http-nio-8080-exec-6] INFO  c.g.s.config.LoggingAOP - [COMPONENT] --> CheckStatusTransition.checkTransition() | args: [IN_PROGRESS, RESOLVED]
2026-05-04 05:30:34 [http-nio-8080-exec-6] INFO  c.g.s.config.LoggingAOP - Exiting component CheckStatusTransition.checkTransition(..) 
2026-05-04 05:30:34 [http-nio-8080-exec-6] INFO  c.g.s.config.LoggingAOP - [COMPONENT] <-- CheckStatusTransition.checkTransition() | return: null
2026-05-04 05:30:34 [http-nio-8080-exec-6] INFO  c.g.s.config.LoggingAOP - Entering Component WEventPublisher.publish(..) 
2026-05-04 05:30:34 [http-nio-8080-exec-6] INFO  c.g.s.config.LoggingAOP - [COMPONENT] --> WEventPublisher.publish() | args: [com.gotrack.support_and_notifications_service.notification.event.ComplaintStatusUpdateEvent@6e0ef4e0]
2026-05-04 05:30:34 [http-nio-8080-exec-6] INFO  c.g.s.config.LoggingAOP - Exiting component WEventPublisher.publish(..) 
2026-05-04 05:30:34 [http-nio-8080-exec-6] INFO  c.g.s.config.LoggingAOP - [COMPONENT] <-- WEventPublisher.publish() | return: null
2026-05-04 05:30:34 [event-thread-3] INFO  c.g.s.config.LoggingAOP - Entering Component ComplaintListener.handleComplaintStatusUpdateEvent(..) 
2026-05-04 05:30:34 [http-nio-8080-exec-6] INFO  c.g.s.config.LoggingAOP - [SERVICE] <-- ComplaintService.updateComplaintStatus() | time: 120 ms | return: com.gotrack.support_and_notifications_service.complaint.dto.response.ComplaintStatusUpdate@641ec998
2026-05-04 05:30:34 [event-thread-3] INFO  c.g.s.config.LoggingAOP - [COMPONENT] --> ComplaintListener.handleComplaintStatusUpdateEvent() | args: [com.gotrack.support_and_notifications_service.notification.event.ComplaintStatusUpdateEvent@6e0ef4e0]
2026-05-04 05:30:34 [http-nio-8080-exec-6] INFO  c.g.s.config.LoggingAOP - Exiting controller ComplaintController.updateComplaintStatus(..) 
2026-05-04 05:30:34 [event-thread-3] INFO  c.g.s.config.LoggingAOP - Entering Listener ComplaintListener.handleComplaintStatusUpdateEvent(..) 
2026-05-04 05:30:34 [http-nio-8080-exec-6] INFO  c.g.s.config.LoggingAOP - [CONTROLLER] <-- ComplaintController.updateComplaintStatus() | return: <200 OK OK,com.gotrack.support_and_notifications_service.complaint.dto.response.ComplaintStatusUpdate@641ec998,[]>
2026-05-04 05:30:34 [event-thread-3] INFO  c.g.s.config.LoggingAOP - [LISTENER] --> ComplaintListener.handleComplaintStatusUpdateEvent() | event: [com.gotrack.support_and_notifications_service.notification.event.ComplaintStatusUpdateEvent@6e0ef4e0]
2026-05-04 05:30:34 [event-thread-3] INFO  c.g.s.config.LoggingAOP - Within service method
2026-05-04 05:30:34 [event-thread-3] INFO  c.g.s.config.LoggingAOP - [SERVICE] --> NotificationService.createNotification() | args: [69ec1625c3afc45cdb6bef9b, Complaint status updated to RESOLVED. Note: Issue resolved. Replacement item has been shipped., IN_APP, momoehab@gmail.com]
2026-05-04 05:30:34 [event-thread-3] INFO  c.g.s.config.LoggingAOP - Entering Component NotificationMapperImpl.toNotificationMessage(..) 
2026-05-04 05:30:34 [event-thread-3] INFO  c.g.s.config.LoggingAOP - [COMPONENT] --> NotificationMapperImpl.toNotificationMessage() | args: [69ec1625c3afc45cdb6bef9b, Complaint status updated to RESOLVED. Note: Issue resolved. Replacement item has been shipped., IN_APP]
2026-05-04 05:30:34 [event-thread-3] INFO  c.g.s.config.LoggingAOP - Exiting component NotificationMapperImpl.toNotificationMessage(..) 
2026-05-04 05:30:34 [event-thread-3] INFO  c.g.s.config.LoggingAOP - [COMPONENT] <-- NotificationMapperImpl.toNotificationMessage() | return: com.gotrack.support_and_notifications_service.notification.entity.Notifications@2a8b2541
2026-05-04 05:30:34 [event-thread-3] INFO  c.g.s.config.LoggingAOP - Entering Component WEventPublisher.publish(..) 
2026-05-04 05:30:34 [event-thread-3] INFO  c.g.s.config.LoggingAOP - [COMPONENT] --> WEventPublisher.publish() | args: [com.gotrack.support_and_notifications_service.notification.event.NotificationCreated@244cce60]
2026-05-04 05:30:34 [event-thread-3] INFO  c.g.s.config.LoggingAOP - Exiting component WEventPublisher.publish(..) 
2026-05-04 05:30:34 [event-thread-3] INFO  c.g.s.config.LoggingAOP - [COMPONENT] <-- WEventPublisher.publish() | return: null
2026-05-04 05:30:34 [event-thread-3] INFO  c.g.s.config.LoggingAOP - [SERVICE] <-- NotificationService.createNotification() | time: 72 ms | return: com.gotrack.support_and_notifications_service.notification.entity.Notifications@2a8b2541
2026-05-04 05:30:34 [event-thread-4] INFO  c.g.s.config.LoggingAOP - Entering Component NotificationListener.handleNotificationCreatedEvent(..) 
2026-05-04 05:30:34 [event-thread-3] INFO  c.g.s.config.LoggingAOP - Exiting Listener ComplaintListener.handleComplaintStatusUpdateEvent(..) 
2026-05-04 05:30:34 [event-thread-4] INFO  c.g.s.config.LoggingAOP - [COMPONENT] --> NotificationListener.handleNotificationCreatedEvent() | args: [com.gotrack.support_and_notifications_service.notification.event.NotificationCreated@244cce60]
2026-05-04 05:30:34 [event-thread-3] INFO  c.g.s.config.LoggingAOP - [LISTENER] <-- ComplaintListener.handleComplaintStatusUpdateEvent()
2026-05-04 05:30:34 [event-thread-4] INFO  c.g.s.config.LoggingAOP - Entering Listener NotificationListener.handleNotificationCreatedEvent(..) 
2026-05-04 05:30:34 [event-thread-3] INFO  c.g.s.config.LoggingAOP - Exiting component ComplaintListener.handleComplaintStatusUpdateEvent(..) 
2026-05-04 05:30:34 [event-thread-4] INFO  c.g.s.config.LoggingAOP - [LISTENER] --> NotificationListener.handleNotificationCreatedEvent() | event: [com.gotrack.support_and_notifications_service.notification.event.NotificationCreated@244cce60]
2026-05-04 05:30:34 [event-thread-3] INFO  c.g.s.config.LoggingAOP - [COMPONENT] <-- ComplaintListener.handleComplaintStatusUpdateEvent() | return: null
2026-05-04 05:30:34 [event-thread-4] INFO  c.g.s.n.l.NotificationListener - Sending IN_APP to profile 69ec1625c3afc45cdb6bef9b: Complaint status updated to RESOLVED. Note: Issue resolved. Replacement item has been shipped.
2026-05-04 05:30:34 [event-thread-4] INFO  c.g.s.config.LoggingAOP - Exiting Listener NotificationListener.handleNotificationCreatedEvent(..) 
2026-05-04 05:30:34 [event-thread-4] INFO  c.g.s.config.LoggingAOP - [LISTENER] <-- NotificationListener.handleNotificationCreatedEvent()
2026-05-04 05:30:34 [event-thread-4] INFO  c.g.s.config.LoggingAOP - Exiting component NotificationListener.handleNotificationCreatedEvent(..) 
2026-05-04 05:30:34 [event-thread-4] INFO  c.g.s.config.LoggingAOP - [COMPONENT] <-- NotificationListener.handleNotificationCreatedEvent() | return: null
2026-05-04 05:30:50 [http-nio-8080-exec-9] DEBUG c.g.s.security.JwtAuthFilter - [SECURITY] --> JwtAuthFilter.doFilterInternal() | uri: PUT /api/complaints/69f8020f1c6fafa1c654a50e/status
2026-05-04 05:30:50 [http-nio-8080-exec-9] DEBUG c.g.s.security.JwtAuthFilter - [SECURITY] Token valid | accountId: 69ec1625c3afc45cdb6bef9b | role: ADMIN
2026-05-04 05:30:50 [http-nio-8080-exec-9] INFO  c.g.s.config.LoggingAOP - Entering Controller ComplaintController.updateComplaintStatus(..) 
2026-05-04 05:30:50 [http-nio-8080-exec-9] INFO  c.g.s.config.LoggingAOP - [CONTROLLER] --> ComplaintController.updateComplaintStatus() | args: [69f8020f1c6fafa1c654a50e, com.gotrack.support_and_notifications_service.complaint.dto.request.UpdateComplaintStatus@417439d9]
2026-05-04 05:30:50 [http-nio-8080-exec-9] INFO  c.g.s.config.LoggingAOP - Within service method
2026-05-04 05:30:50 [http-nio-8080-exec-9] INFO  c.g.s.config.LoggingAOP - [SERVICE] --> ComplaintService.updateComplaintStatus() | args: [69f8020f1c6fafa1c654a50e, com.gotrack.support_and_notifications_service.complaint.dto.request.UpdateComplaintStatus@417439d9]
2026-05-04 05:30:50 [http-nio-8080-exec-9] INFO  c.g.s.config.LoggingAOP - Entering Component CheckStatusTransition.checkTransition(..) 
2026-05-04 05:30:50 [http-nio-8080-exec-9] INFO  c.g.s.config.LoggingAOP - [COMPONENT] --> CheckStatusTransition.checkTransition() | args: [RESOLVED, COMPENSATED]
2026-05-04 05:30:50 [http-nio-8080-exec-9] INFO  c.g.s.config.LoggingAOP - Exiting component CheckStatusTransition.checkTransition(..) 
2026-05-04 05:30:50 [http-nio-8080-exec-9] INFO  c.g.s.config.LoggingAOP - [COMPONENT] <-- CheckStatusTransition.checkTransition() | return: null
2026-05-04 05:30:50 [http-nio-8080-exec-9] INFO  c.g.s.config.LoggingAOP - Entering Component WEventPublisher.publish(..) 
2026-05-04 05:30:50 [http-nio-8080-exec-9] INFO  c.g.s.config.LoggingAOP - [COMPONENT] --> WEventPublisher.publish() | args: [com.gotrack.support_and_notifications_service.notification.event.ComplaintStatusUpdateEvent@4272e97d]
2026-05-04 05:30:50 [http-nio-8080-exec-9] INFO  c.g.s.config.LoggingAOP - Exiting component WEventPublisher.publish(..) 
2026-05-04 05:30:50 [http-nio-8080-exec-9] INFO  c.g.s.config.LoggingAOP - [COMPONENT] <-- WEventPublisher.publish() | return: null
2026-05-04 05:30:50 [http-nio-8080-exec-9] INFO  c.g.s.config.LoggingAOP - [SERVICE] <-- ComplaintService.updateComplaintStatus() | time: 133 ms | return: com.gotrack.support_and_notifications_service.complaint.dto.response.ComplaintStatusUpdate@6d63c97a
2026-05-04 05:30:50 [http-nio-8080-exec-9] INFO  c.g.s.config.LoggingAOP - Exiting controller ComplaintController.updateComplaintStatus(..) 
2026-05-04 05:30:50 [event-thread-5] INFO  c.g.s.config.LoggingAOP - Entering Component ComplaintListener.handleComplaintStatusUpdateEvent(..) 
2026-05-04 05:30:50 [http-nio-8080-exec-9] INFO  c.g.s.config.LoggingAOP - [CONTROLLER] <-- ComplaintController.updateComplaintStatus() | return: <200 OK OK,com.gotrack.support_and_notifications_service.complaint.dto.response.ComplaintStatusUpdate@6d63c97a,[]>
2026-05-04 05:30:50 [event-thread-5] INFO  c.g.s.config.LoggingAOP - [COMPONENT] --> ComplaintListener.handleComplaintStatusUpdateEvent() | args: [com.gotrack.support_and_notifications_service.notification.event.ComplaintStatusUpdateEvent@4272e97d]
2026-05-04 05:30:50 [event-thread-5] INFO  c.g.s.config.LoggingAOP - Entering Listener ComplaintListener.handleComplaintStatusUpdateEvent(..) 
2026-05-04 05:30:50 [event-thread-5] INFO  c.g.s.config.LoggingAOP - [LISTENER] --> ComplaintListener.handleComplaintStatusUpdateEvent() | event: [com.gotrack.support_and_notifications_service.notification.event.ComplaintStatusUpdateEvent@4272e97d]
2026-05-04 05:30:50 [event-thread-5] INFO  c.g.s.config.LoggingAOP - Within service method
2026-05-04 05:30:50 [event-thread-5] INFO  c.g.s.config.LoggingAOP - [SERVICE] --> NotificationService.createNotification() | args: [69ec1625c3afc45cdb6bef9b, Complaint status updated to COMPENSATED. Note: Compensation of $20 has been issued to your account., IN_APP, momoehab@gmail.com]
2026-05-04 05:30:50 [event-thread-5] INFO  c.g.s.config.LoggingAOP - Entering Component NotificationMapperImpl.toNotificationMessage(..) 
2026-05-04 05:30:50 [event-thread-5] INFO  c.g.s.config.LoggingAOP - [COMPONENT] --> NotificationMapperImpl.toNotificationMessage() | args: [69ec1625c3afc45cdb6bef9b, Complaint status updated to COMPENSATED. Note: Compensation of $20 has been issued to your account., IN_APP]
2026-05-04 05:30:50 [event-thread-5] INFO  c.g.s.config.LoggingAOP - Exiting component NotificationMapperImpl.toNotificationMessage(..) 
2026-05-04 05:30:50 [event-thread-5] INFO  c.g.s.config.LoggingAOP - [COMPONENT] <-- NotificationMapperImpl.toNotificationMessage() | return: com.gotrack.support_and_notifications_service.notification.entity.Notifications@6faa69b7
2026-05-04 05:30:50 [event-thread-5] INFO  c.g.s.config.LoggingAOP - Entering Component WEventPublisher.publish(..) 
2026-05-04 05:30:50 [event-thread-5] INFO  c.g.s.config.LoggingAOP - [COMPONENT] --> WEventPublisher.publish() | args: [com.gotrack.support_and_notifications_service.notification.event.NotificationCreated@616d8a32]
2026-05-04 05:30:50 [event-thread-5] INFO  c.g.s.config.LoggingAOP - Exiting component WEventPublisher.publish(..) 
2026-05-04 05:30:50 [event-thread-1] INFO  c.g.s.config.LoggingAOP - Entering Component NotificationListener.handleNotificationCreatedEvent(..) 
2026-05-04 05:30:50 [event-thread-5] INFO  c.g.s.config.LoggingAOP - [COMPONENT] <-- WEventPublisher.publish() | return: null
2026-05-04 05:30:50 [event-thread-1] INFO  c.g.s.config.LoggingAOP - [COMPONENT] --> NotificationListener.handleNotificationCreatedEvent() | args: [com.gotrack.support_and_notifications_service.notification.event.NotificationCreated@616d8a32]
2026-05-04 05:30:50 [event-thread-5] INFO  c.g.s.config.LoggingAOP - [SERVICE] <-- NotificationService.createNotification() | time: 68 ms | return: com.gotrack.support_and_notifications_service.notification.entity.Notifications@6faa69b7
2026-05-04 05:30:50 [event-thread-1] INFO  c.g.s.config.LoggingAOP - Entering Listener NotificationListener.handleNotificationCreatedEvent(..) 
2026-05-04 05:30:50 [event-thread-5] INFO  c.g.s.config.LoggingAOP - Exiting Listener ComplaintListener.handleComplaintStatusUpdateEvent(..) 
2026-05-04 05:30:50 [event-thread-1] INFO  c.g.s.config.LoggingAOP - [LISTENER] --> NotificationListener.handleNotificationCreatedEvent() | event: [com.gotrack.support_and_notifications_service.notification.event.NotificationCreated@616d8a32]
2026-05-04 05:30:50 [event-thread-5] INFO  c.g.s.config.LoggingAOP - [LISTENER] <-- ComplaintListener.handleComplaintStatusUpdateEvent()
2026-05-04 05:30:50 [event-thread-1] INFO  c.g.s.n.l.NotificationListener - Sending IN_APP to profile 69ec1625c3afc45cdb6bef9b: Complaint status updated to COMPENSATED. Note: Compensation of $20 has been issued to your account.
2026-05-04 05:30:50 [event-thread-5] INFO  c.g.s.config.LoggingAOP - Exiting component ComplaintListener.handleComplaintStatusUpdateEvent(..) 
2026-05-04 05:30:50 [event-thread-1] INFO  c.g.s.config.LoggingAOP - Exiting Listener NotificationListener.handleNotificationCreatedEvent(..) 
2026-05-04 05:30:50 [event-thread-5] INFO  c.g.s.config.LoggingAOP - [COMPONENT] <-- ComplaintListener.handleComplaintStatusUpdateEvent() | return: null
2026-05-04 05:30:50 [event-thread-1] INFO  c.g.s.config.LoggingAOP - [LISTENER] <-- NotificationListener.handleNotificationCreatedEvent()
2026-05-04 05:30:50 [event-thread-1] INFO  c.g.s.config.LoggingAOP - Exiting component NotificationListener.handleNotificationCreatedEvent(..) 
2026-05-04 05:30:50 [event-thread-1] INFO  c.g.s.config.LoggingAOP - [COMPONENT] <-- NotificationListener.handleNotificationCreatedEvent() | return: null
2026-05-04 05:31:07 [http-nio-8080-exec-10] DEBUG c.g.s.security.JwtAuthFilter - [SECURITY] --> JwtAuthFilter.doFilterInternal() | uri: PUT /api/complaints/69f8020f1c6fafa1c654a50e/status
2026-05-04 05:31:07 [http-nio-8080-exec-10] DEBUG c.g.s.security.JwtAuthFilter - [SECURITY] Token valid | accountId: 69ec1625c3afc45cdb6bef9b | role: ADMIN
2026-05-04 05:31:07 [http-nio-8080-exec-10] INFO  c.g.s.config.LoggingAOP - Entering Controller ComplaintController.updateComplaintStatus(..) 
2026-05-04 05:31:07 [http-nio-8080-exec-10] INFO  c.g.s.config.LoggingAOP - [CONTROLLER] --> ComplaintController.updateComplaintStatus() | args: [69f8020f1c6fafa1c654a50e, com.gotrack.support_and_notifications_service.complaint.dto.request.UpdateComplaintStatus@5cc0d7a7]
2026-05-04 05:31:07 [http-nio-8080-exec-10] INFO  c.g.s.config.LoggingAOP - Within service method
2026-05-04 05:31:07 [http-nio-8080-exec-10] INFO  c.g.s.config.LoggingAOP - [SERVICE] --> ComplaintService.updateComplaintStatus() | args: [69f8020f1c6fafa1c654a50e, com.gotrack.support_and_notifications_service.complaint.dto.request.UpdateComplaintStatus@5cc0d7a7]
2026-05-04 05:31:08 [http-nio-8080-exec-10] INFO  c.g.s.config.LoggingAOP - Entering Component CheckStatusTransition.checkTransition(..) 
2026-05-04 05:31:08 [http-nio-8080-exec-10] INFO  c.g.s.config.LoggingAOP - [COMPONENT] --> CheckStatusTransition.checkTransition() | args: [COMPENSATED, PENDING]
2026-05-04 05:31:08 [http-nio-8080-exec-10] ERROR c.g.s.config.LoggingAOP - Exception in CheckStatusTransition.checkTransition() with cause = NULL and message = Cannot transition from COMPENSATED to PENDING
2026-05-04 05:31:08 [http-nio-8080-exec-10] ERROR c.g.s.config.LoggingAOP - Exception in ComplaintService.updateComplaintStatus() with cause = NULL and message = Cannot transition from COMPENSATED to PENDING
2026-05-04 05:31:08 [http-nio-8080-exec-10] INFO  c.g.s.config.LoggingAOP - [SERVICE] <-- ComplaintService.updateComplaintStatus() | time: 90 ms | exception: InvalidStatusTransitionException: Cannot transition from COMPENSATED to PENDING
2026-05-04 05:31:08 [http-nio-8080-exec-10] ERROR c.g.s.config.LoggingAOP - Exception in ComplaintController.updateComplaintStatus() with cause = NULL and message = Cannot transition from COMPENSATED to PENDING
2026-05-04 05:31:08 [http-nio-8080-exec-10] WARN  o.s.w.s.m.m.a.ExceptionHandlerExceptionResolver - Resolved [com.gotrack.support_and_notifications_service.error.InvalidStatusTransitionException: Cannot transition from COMPENSATED to PENDING]
2026-05-04 05:31:51 [http-nio-8080-exec-8] DEBUG c.g.s.security.JwtAuthFilter - [SECURITY] --> JwtAuthFilter.doFilterInternal() | uri: POST /api/notifications/admin
2026-05-04 05:31:51 [http-nio-8080-exec-8] DEBUG c.g.s.security.JwtAuthFilter - [SECURITY] Token valid | accountId: 69ec1625c3afc45cdb6bef9b | role: ADMIN
2026-05-04 05:31:51 [http-nio-8080-exec-8] INFO  c.g.s.config.LoggingAOP - Entering Controller NotificationController.createAdminNotification(..) 
2026-05-04 05:31:51 [http-nio-8080-exec-8] INFO  c.g.s.config.LoggingAOP - [CONTROLLER] --> NotificationController.createAdminNotification() | args: [com.gotrack.support_and_notifications_service.notification.dto.AdminNotificationRequest@2a498bf4]
2026-05-04 05:31:51 [http-nio-8080-exec-8] INFO  c.g.s.config.LoggingAOP - Within service method
2026-05-04 05:31:51 [http-nio-8080-exec-8] INFO  c.g.s.config.LoggingAOP - [SERVICE] --> NotificationService.createAdminNotification() | args: [merchant_profile_123, Your complaint has been fully processed. Thank you for your patience., [SMS, IN_APP], null]
2026-05-04 05:31:51 [http-nio-8080-exec-8] INFO  c.g.s.config.LoggingAOP - Within service method
2026-05-04 05:31:51 [http-nio-8080-exec-8] INFO  c.g.s.config.LoggingAOP - [SERVICE] --> CheckUser.checkUserExists() | args: [merchant_profile_123]
2026-05-04 05:31:51 [http-nio-8080-exec-8] INFO  c.g.s.config.LoggingAOP - Entering Component UserRepo.existsById(..) 
2026-05-04 05:31:51 [http-nio-8080-exec-8] INFO  c.g.s.config.LoggingAOP - [COMPONENT] --> UserRepo.existsById() | args: [merchant_profile_123]
2026-05-04 05:31:51 [http-nio-8080-exec-8] INFO  c.g.s.config.LoggingAOP - Exiting component UserRepo.existsById(..) 
2026-05-04 05:31:51 [http-nio-8080-exec-8] INFO  c.g.s.config.LoggingAOP - [COMPONENT] <-- UserRepo.existsById() | return: true
2026-05-04 05:31:51 [http-nio-8080-exec-8] INFO  c.g.s.config.LoggingAOP - [SERVICE] <-- CheckUser.checkUserExists() | time: 0 ms | return: null
2026-05-04 05:31:51 [http-nio-8080-exec-8] INFO  c.g.s.config.LoggingAOP - Within service method
2026-05-04 05:31:51 [http-nio-8080-exec-8] INFO  c.g.s.config.LoggingAOP - [SERVICE] --> CheckUser.getUserEmailById() | args: [merchant_profile_123]
2026-05-04 05:31:51 [http-nio-8080-exec-8] INFO  c.g.s.config.LoggingAOP - Entering Component UserRepo.existsById(..) 
2026-05-04 05:31:51 [http-nio-8080-exec-8] INFO  c.g.s.config.LoggingAOP - [COMPONENT] --> UserRepo.existsById() | args: [merchant_profile_123]
2026-05-04 05:31:51 [http-nio-8080-exec-8] INFO  c.g.s.config.LoggingAOP - Exiting component UserRepo.existsById(..) 
2026-05-04 05:31:51 [http-nio-8080-exec-8] INFO  c.g.s.config.LoggingAOP - [COMPONENT] <-- UserRepo.existsById() | return: true
2026-05-04 05:31:51 [http-nio-8080-exec-8] INFO  c.g.s.config.LoggingAOP - Entering Component UserRepo.getEmailByProfileId(..) 
2026-05-04 05:31:51 [http-nio-8080-exec-8] INFO  c.g.s.config.LoggingAOP - [COMPONENT] --> UserRepo.getEmailByProfileId() | args: [merchant_profile_123]
2026-05-04 05:31:51 [http-nio-8080-exec-8] INFO  c.g.s.config.LoggingAOP - Exiting component UserRepo.getEmailByProfileId(..) 
2026-05-04 05:31:51 [http-nio-8080-exec-8] INFO  c.g.s.config.LoggingAOP - [COMPONENT] <-- UserRepo.getEmailByProfileId() | return: profilemerchant_profile_123@example.com
2026-05-04 05:31:51 [http-nio-8080-exec-8] INFO  c.g.s.config.LoggingAOP - [SERVICE] <-- CheckUser.getUserEmailById() | time: 2 ms | return: profilemerchant_profile_123@example.com
2026-05-04 05:31:51 [http-nio-8080-exec-8] INFO  c.g.s.config.LoggingAOP - Entering Component WEventPublisher.publish(..) 
2026-05-04 05:31:51 [http-nio-8080-exec-8] INFO  c.g.s.config.LoggingAOP - [COMPONENT] --> WEventPublisher.publish() | args: [com.gotrack.support_and_notifications_service.notification.event.NotificationCreated@1b190216]
2026-05-04 05:31:51 [http-nio-8080-exec-8] INFO  c.g.s.config.LoggingAOP - Exiting component WEventPublisher.publish(..) 
2026-05-04 05:31:51 [event-thread-2] INFO  c.g.s.config.LoggingAOP - Entering Component NotificationListener.handleNotificationCreatedEvent(..) 
2026-05-04 05:31:51 [http-nio-8080-exec-8] INFO  c.g.s.config.LoggingAOP - [COMPONENT] <-- WEventPublisher.publish() | return: null
2026-05-04 05:31:51 [event-thread-2] INFO  c.g.s.config.LoggingAOP - [COMPONENT] --> NotificationListener.handleNotificationCreatedEvent() | args: [com.gotrack.support_and_notifications_service.notification.event.NotificationCreated@1b190216]
2026-05-04 05:31:51 [event-thread-2] INFO  c.g.s.config.LoggingAOP - Entering Listener NotificationListener.handleNotificationCreatedEvent(..) 
2026-05-04 05:31:51 [event-thread-2] INFO  c.g.s.config.LoggingAOP - [LISTENER] --> NotificationListener.handleNotificationCreatedEvent() | event: [com.gotrack.support_and_notifications_service.notification.event.NotificationCreated@1b190216]
2026-05-04 05:31:51 [event-thread-2] INFO  c.g.s.n.l.NotificationListener - Sending SMS to profile merchant_profile_123: Your complaint has been fully processed. Thank you for your patience.
2026-05-04 05:31:51 [event-thread-2] INFO  c.g.s.config.LoggingAOP - Exiting Listener NotificationListener.handleNotificationCreatedEvent(..) 
2026-05-04 05:31:51 [event-thread-2] INFO  c.g.s.config.LoggingAOP - [LISTENER] <-- NotificationListener.handleNotificationCreatedEvent()
2026-05-04 05:31:51 [event-thread-2] INFO  c.g.s.config.LoggingAOP - Exiting component NotificationListener.handleNotificationCreatedEvent(..) 
2026-05-04 05:31:51 [event-thread-2] INFO  c.g.s.config.LoggingAOP - [COMPONENT] <-- NotificationListener.handleNotificationCreatedEvent() | return: null
2026-05-04 05:31:51 [http-nio-8080-exec-8] INFO  c.g.s.config.LoggingAOP - Entering Component WEventPublisher.publish(..) 
2026-05-04 05:31:51 [http-nio-8080-exec-8] INFO  c.g.s.config.LoggingAOP - [COMPONENT] --> WEventPublisher.publish() | args: [com.gotrack.support_and_notifications_service.notification.event.NotificationCreated@129ea72e]
2026-05-04 05:31:51 [http-nio-8080-exec-8] INFO  c.g.s.config.LoggingAOP - Exiting component WEventPublisher.publish(..) 
2026-05-04 05:31:51 [event-thread-3] INFO  c.g.s.config.LoggingAOP - Entering Component NotificationListener.handleNotificationCreatedEvent(..) 
2026-05-04 05:31:51 [http-nio-8080-exec-8] INFO  c.g.s.config.LoggingAOP - [COMPONENT] <-- WEventPublisher.publish() | return: null
2026-05-04 05:31:51 [event-thread-3] INFO  c.g.s.config.LoggingAOP - [COMPONENT] --> NotificationListener.handleNotificationCreatedEvent() | args: [com.gotrack.support_and_notifications_service.notification.event.NotificationCreated@129ea72e]
2026-05-04 05:31:51 [http-nio-8080-exec-8] INFO  c.g.s.config.LoggingAOP - [SERVICE] <-- NotificationService.createAdminNotification() | time: 201 ms | return: [com.gotrack.support_and_notifications_service.notification.entity.Notifications@3d97637a, com.gotrack.support_and_notifications_service.notification.entity.Notifications@5be75917]
2026-05-04 05:31:51 [event-thread-3] INFO  c.g.s.config.LoggingAOP - Entering Listener NotificationListener.handleNotificationCreatedEvent(..) 
2026-05-04 05:31:51 [event-thread-3] INFO  c.g.s.config.LoggingAOP - [LISTENER] --> NotificationListener.handleNotificationCreatedEvent() | event: [com.gotrack.support_and_notifications_service.notification.event.NotificationCreated@129ea72e]
2026-05-04 05:31:51 [http-nio-8080-exec-8] INFO  c.g.s.config.LoggingAOP - Exiting controller NotificationController.createAdminNotification(..) 
2026-05-04 05:31:51 [http-nio-8080-exec-8] INFO  c.g.s.config.LoggingAOP - [CONTROLLER] <-- NotificationController.createAdminNotification() | return: <200 OK OK,[com.gotrack.support_and_notifications_service.notification.entity.Notifications@3d97637a, com.gotrack.support_and_notifications_service.notification.entity.Notifications@5be75917],[]>
2026-05-04 05:31:51 [event-thread-3] INFO  c.g.s.n.l.NotificationListener - Sending IN_APP to profile merchant_profile_123: Your complaint has been fully processed. Thank you for your patience.
2026-05-04 05:31:51 [event-thread-3] INFO  c.g.s.config.LoggingAOP - Exiting Listener NotificationListener.handleNotificationCreatedEvent(..) 
2026-05-04 05:31:51 [event-thread-3] INFO  c.g.s.config.LoggingAOP - [LISTENER] <-- NotificationListener.handleNotificationCreatedEvent()
2026-05-04 05:31:51 [event-thread-3] INFO  c.g.s.config.LoggingAOP - Exiting component NotificationListener.handleNotificationCreatedEvent(..) 
2026-05-04 05:31:51 [event-thread-3] INFO  c.g.s.config.LoggingAOP - [COMPONENT] <-- NotificationListener.handleNotificationCreatedEvent() | return: null
2026-05-04 05:32:16 [http-nio-8080-exec-2] DEBUG c.g.s.security.JwtAuthFilter - [SECURITY] --> JwtAuthFilter.doFilterInternal() | uri: GET /api/notifications/me/unread
2026-05-04 05:32:16 [http-nio-8080-exec-2] DEBUG c.g.s.security.JwtAuthFilter - [SECURITY] Token valid | accountId: 69ec1625c3afc45cdb6bef9b | role: MERCHANT
2026-05-04 05:32:16 [http-nio-8080-exec-2] WARN  o.s.w.s.m.m.a.ExceptionHandlerExceptionResolver - Resolved [org.springframework.web.HttpRequestMethodNotSupportedException: Request method 'GET' is not supported]
2026-05-04 05:33:17 [http-nio-8080-exec-4] DEBUG c.g.s.security.JwtAuthFilter - [SECURITY] --> JwtAuthFilter.doFilterInternal() | uri: GET /api/notifications/me
2026-05-04 05:33:17 [http-nio-8080-exec-4] DEBUG c.g.s.security.JwtAuthFilter - [SECURITY] Token valid | accountId: 69ec1625c3afc45cdb6bef9b | role: MERCHANT
2026-05-04 05:33:17 [http-nio-8080-exec-4] INFO  c.g.s.config.LoggingAOP - Entering Controller NotificationController.getMyNotifications(..) 
2026-05-04 05:33:17 [http-nio-8080-exec-4] INFO  c.g.s.config.LoggingAOP - [CONTROLLER] --> NotificationController.getMyNotifications() | args: [false]
2026-05-04 05:33:17 [http-nio-8080-exec-4] INFO  c.g.s.config.LoggingAOP - Within service method
2026-05-04 05:33:17 [http-nio-8080-exec-4] INFO  c.g.s.config.LoggingAOP - [SERVICE] --> NotificationService.getNotificationsForProfile() | args: [false]
2026-05-04 05:33:17 [http-nio-8080-exec-4] INFO  c.g.s.config.LoggingAOP - Within service method
2026-05-04 05:33:17 [http-nio-8080-exec-4] INFO  c.g.s.config.LoggingAOP - [SERVICE] --> CurrentUserService.getCurrentUserId() | args: []
2026-05-04 05:33:17 [http-nio-8080-exec-4] INFO  c.g.s.config.LoggingAOP - [SERVICE] <-- CurrentUserService.getCurrentUserId() | time: 2 ms | return: 69ec1625c3afc45cdb6bef9b
2026-05-04 05:33:17 [http-nio-8080-exec-4] INFO  c.g.s.config.LoggingAOP - [SERVICE] <-- NotificationService.getNotificationsForProfile() | time: 69 ms | return: [com.gotrack.support_and_notifications_service.notification.entity.Notifications@1064476a, com.gotrack.support_and_notifications_service.notification.entity.Notifications@73eed162, com.gotrack.support_and_notifications_service.notification.entity.Notifications@4406f96b, com.gotrack.support_and_notifications_service.notification.entity.Notifications@33fdcb7c, com.gotrack.support_and_notifications_service.notification.entity.Notifications@190857e, com.gotrack.support_and_notifications_service.notification.entity.Notifications@47021ef, com.gotrack.support_and_notifications_service.notification.entity.Notifications@774e5dab, com.gotrack.support_and_notifications_service.notification.entity.Notifications@2a35de15, com.gotrack.support_and_notifications_service.notification.entity.Notifications@2f0b0558, com.gotrack.support_and_notifications_service.notification.entity.Notifications@2a71260f, com.gotrack.support_and_notifications_service.notification.entity.Notifications@2fd785ef, com.gotrack.support_and_notifications_service.notification.entity.Notifications@2b163376, com.gotrack.support_and_notifications_service.notification.entity.Notifications@5c40d289, com.gotrack.support_and_notifications_service.notification.entity.Notifications@7fa2c650, com.gotrack.support_and_notifications_service.notification.entity.Notifications@6cc9dcb6, com.gotrack.support_and_notifications_service.notification.entity.Notifications@76dedfda, com.gotrack.support_and_notifications_service.notification.entity.Notifications@2c508f12, com.gotrack.support_and_notifications_service.notification.entity.Notifications@45294c8e, com.gotrack.support_and_notifications_service.notification.entity.Notifications@672704f1, com.gotrack.support_and_notifications_service.notification.entity.Notifications@670727c0, com.gotrack.support_and_notifications_service.notification.entity.Notifications@4f071c2d, com.gotrack.support_and_notifications_service.notification.entity.Notifications@4045647f, com.gotrack.support_and_notifications_service.notification.entity.Notifications@1f1ae00a, com.gotrack.support_and_notifications_service.notification.entity.Notifications@417dfd0e, com.gotrack.support_and_notifications_service.notification.entity.Notifications@36ec6778, com.gotrack.support_and_notifications_service.notification.entity.Notifications@5de19b46, com.gotrack.support_and_notifications_service.notification.entity.Notifications@15333a40, com.gotrack.support_and_notifications_service.notification.entity.Notifications@3b083065, com.gotrack.support_and_notifications_service.notification.entity.Notifications@6e8a47db, com.gotrack.support_and_notifications_service.notification.entity.Notifications@3fe0dae7, com.gotrack.support_and_notifications_service.notification.entity.Notifications@330d0661, com.gotrack.support_and_notifications_service.notification.entity.Notifications@49fc937d, com.gotrack.support_and_notifications_service.notification.entity.Notifications@7574b106, com.gotrack.support_and_notifications_service.notification.entity.Notifications@4c7a6aad, com.gotrack.support_and_notifications_service.notification.entity.Notifications@171f534d, com.gotrack.support_and_notifications_service.notification.entity.Notifications@3ad54da8, com.gotrack.support_and_notifications_service.notification.entity.Notifications@6af92775, com.gotrack.support_and_notifications_service.notification.entity.Notifications@75490785, com.gotrack.support_and_notifications_service.notification.entity.Notifications@1821a75a]
2026-05-04 05:33:17 [http-nio-8080-exec-4] INFO  c.g.s.config.LoggingAOP - Exiting controller NotificationController.getMyNotifications(..) 
2026-05-04 05:33:17 [http-nio-8080-exec-4] INFO  c.g.s.config.LoggingAOP - [CONTROLLER] <-- NotificationController.getMyNotifications() | return: <200 OK OK,[com.gotrack.support_and_notifications_service.notification.entity.Notifications@1064476a, com.gotrack.support_and_notifications_service.notification.entity.Notifications@73eed162, com.gotrack.support_and_notifications_service.notification.entity.Notifications@4406f96b, com.gotrack.support_and_notifications_service.notification.entity.Notifications@33fdcb7c, com.gotrack.support_and_notifications_service.notification.entity.Notifications@190857e, com.gotrack.support_and_notifications_service.notification.entity.Notifications@47021ef, com.gotrack.support_and_notifications_service.notification.entity.Notifications@774e5dab, com.gotrack.support_and_notifications_service.notification.entity.Notifications@2a35de15, com.gotrack.support_and_notifications_service.notification.entity.Notifications@2f0b0558, com.gotrack.support_and_notifications_service.notification.entity.Notifications@2a71260f, com.gotrack.support_and_notifications_service.notification.entity.Notifications@2fd785ef, com.gotrack.support_and_notifications_service.notification.entity.Notifications@2b163376, com.gotrack.support_and_notifications_service.notification.entity.Notifications@5c40d289, com.gotrack.support_and_notifications_service.notification.entity.Notifications@7fa2c650, com.gotrack.support_and_notifications_service.notification.entity.Notifications@6cc9dcb6, com.gotrack.support_and_notifications_service.notification.entity.Notifications@76dedfda, com.gotrack.support_and_notifications_service.notification.entity.Notifications@2c508f12, com.gotrack.support_and_notifications_service.notification.entity.Notifications@45294c8e, com.gotrack.support_and_notifications_service.notification.entity.Notifications@672704f1, com.gotrack.support_and_notifications_service.notification.entity.Notifications@670727c0, com.gotrack.support_and_notifications_service.notification.entity.Notifications@4f071c2d, com.gotrack.support_and_notifications_service.notification.entity.Notifications@4045647f, com.gotrack.support_and_notifications_service.notification.entity.Notifications@1f1ae00a, com.gotrack.support_and_notifications_service.notification.entity.Notifications@417dfd0e, com.gotrack.support_and_notifications_service.notification.entity.Notifications@36ec6778, com.gotrack.support_and_notifications_service.notification.entity.Notifications@5de19b46, com.gotrack.support_and_notifications_service.notification.entity.Notifications@15333a40, com.gotrack.support_and_notifications_service.notification.entity.Notifications@3b083065, com.gotrack.support_and_notifications_service.notification.entity.Notifications@6e8a47db, com.gotrack.support_and_notifications_service.notification.entity.Notifications@3fe0dae7, com.gotrack.support_and_notifications_service.notification.entity.Notifications@330d0661, com.gotrack.support_and_notifications_service.notification.entity.Notifications@49fc937d, com.gotrack.support_and_notifications_service.notification.entity.Notifications@7574b106, com.gotrack.support_and_notifications_service.notification.entity.Notifications@4c7a6aad, com.gotrack.support_and_notifications_service.notification.entity.Notifications@171f534d, com.gotrack.support_and_notifications_service.notification.entity.Notifications@3ad54da8, com.gotrack.support_and_notifications_service.notification.entity.Notifications@6af92775, com.gotrack.support_and_notifications_service.notification.entity.Notifications@75490785, com.gotrack.support_and_notifications_service.notification.entity.Notifications@1821a75a],[]>
